message_id,item_id,group_id,item_title,priority,confidence,score,group_status,group_latest_deadline,as_of,reason,signals
MSG_0001,EVENT_0001,GROUP_001,Family dinner,medium,0.7509,2.25,rescheduled,,2026-10-05 01:24:00,Assessed medium: the event of 2026-10-06 (MSG_0958) is one day after the most recent message; this subject is a meeting or event.,deadline_tomorrow category_meeting_event
MSG_0002,TASK_0001,GROUP_002,Review the privacy checklist,critical,0.82,5.1,pending,2026-09-30,2026-10-05 01:24:00,Assessed critical: the deadline of 2026-09-30 (MSG_0980) passed 5 day(s) before the most recent message; the subject has been chased 3 times; the most recent traffic about this subject is an unanswered question. MSG_0980 pushed the deadline from 2026-09-03 back to 2026-09-30.,deadline_overdue deadline_moved_later chased_repeatedly response_required category_action_required
MSG_0003,EVENT_0002,GROUP_003,Mentor catch-up,medium,0.7509,2.65,rescheduled,,2026-10-05 01:24:00,Assessed medium: the event of 2026-10-05 (MSG_0969) is the day of the most recent message; this subject is a meeting or event.,deadline_today category_meeting_event
MSG_0007,TASK_0002,GROUP_004,Reply to the client email,critical,0.82,5.5,pending,2026-09-10,2026-10-05 01:24:00,Assessed critical: the deadline of 2026-09-10 (MSG_0853) passed 25 day(s) before the most recent message; the subject has been chased 6 times; the most recent traffic about this subject is an unanswered question.,deadline_overdue chased_repeatedly response_required category_action_required
MSG_0010,TASK_0003,GROUP_005,Pay the electricity bill,high,0.82,4.1,pending,2026-09-28,2026-10-05 01:24:00,Assessed high: the deadline of 2026-09-28 (MSG_0990) passed 7 day(s) before the most recent message; the most recent traffic about this subject is an unanswered question; the subject has been chased 2 time(s). MSG_0990 pushed the deadline from 2026-09-07 back to 2026-09-28.,deadline_overdue deadline_moved_later chased_once response_required category_action_required
MSG_0011,EVENT_0003,GROUP_006,Internship orientation,medium,0.7509,1.65,rescheduled,,2026-10-05 01:24:00,Assessed medium: the event of 2026-10-07 (DEMO_009) is 2 days away; this subject is a meeting or event.,deadline_within_3_days category_meeting_event
MSG_0012,TASK_0004,,I will send the login details separately,low,0.451,0.4,,,2026-10-05 01:24:00,Assessed low: this subject is work the recipient must do.,no_deadline category_action_required
MSG_0017,TASK_0005,GROUP_007,Renew the library book,critical,0.8892,8.5,pending,2026-09-30,2026-10-05 01:24:00,Assessed critical: the deadline of 2026-09-30 (MSG_0986) passed 5 day(s) before the most recent message; at least one message about this subject uses explicit urgency wording; the subject has been chased 5 times.,deadline_overdue deadline_moved_earlier deadline_conflict explicit_urgency chased_repeatedly response_required category_action_required
MSG_0019,TASK_0006,GROUP_008,Review the model results,low,0.5659,-5.1,completed,2026-09-30,2026-10-05 01:24:00,Assessed low: the subject was chased after it was reported closed; the recorded messages disagree about this subject's state. MSG_0935 reports this complete.,status_completed status_contested chased_after_closure
MSG_0023,EVENT_0004,GROUP_009,Team stand-up,low,0.6817,-6.0,cancelled,,2026-10-05 01:24:00,Assessed low: DEMO_008 cancels this.,status_cancelled
MSG_0027,TASK_0007,GROUP_010,Confirm the interview slot,critical,0.8299,9.3,pending,2026-10-02,2026-10-05 01:24:00,"Assessed critical: the deadline of 2026-10-02 (MSG_0976) passed 3 day(s) before the most recent message; DEMO_001 states the deadline as ""tomorrow at 10:00""; it was not resolved to a date, so the proximity is taken from the wording; at least one message about this subject uses explicit urgency wording. MSG_0976 pushed the deadline from 2026-09-28 back to 2026-10-02.",deadline_relative_imminent deadline_overdue deadline_moved_later deadline_conflict explicit_urgency chased_repeatedly response_required category_action_required
MSG_0028,TASK_0008,GROUP_011,Email the signed document,low,0.5712,-5.1,completed,2026-09-06,2026-10-05 01:24:00,Assessed low: the subject was chased after it was reported closed; the recorded messages disagree about this subject's state. MSG_0933 reports this complete.,status_completed status_contested chased_after_closure
MSG_0031,TASK_0009,GROUP_012,Update the project tracker,low,0.5664,-5.1,cancelled,2026-10-06,2026-10-05 01:24:00,Assessed low: the subject was chased after it was reported closed; the recorded messages disagree about this subject's state. MSG_0942 cancels this.,status_cancelled status_contested chased_after_closure
MSG_0032,TASK_0010,GROUP_013,Upload the assignment,low,0.8117,1.4,pending,2026-10-20,2026-10-05 01:24:00,Assessed low: the subject has been chased 5 times; the most recent traffic about this subject is an unanswered question; this subject is work the recipient must do. the deadline of 2026-10-20 (DEMO_020) is 15 days away; DEMO_020 pushed the deadline from 2026-09-05 back to 2026-10-20.,deadline_beyond_7_days deadline_moved_later chased_repeatedly response_required category_action_required
MSG_0034,EVENT_0005,GROUP_006,Internship orientation,medium,0.7509,1.65,rescheduled,,2026-10-05 01:24:00,Assessed medium: the event of 2026-10-07 (DEMO_009) is 2 days away; this subject is a meeting or event.,deadline_within_3_days category_meeting_event
MSG_0035,TASK_0011,GROUP_014,Complete the onboarding form,critical,0.82,5.5,pending,2026-09-06,2026-10-05 01:24:00,Assessed critical: the deadline of 2026-09-06 (MSG_0624) passed 29 day(s) before the most recent message; the subject has been chased 6 times; the most recent traffic about this subject is an unanswered question.,deadline_overdue chased_repeatedly response_required category_action_required
MSG_0036,EVENT_0006,GROUP_015,Study-group session,high,0.7509,3.45,rescheduled,,2026-10-05 01:24:00,Assessed high: the event of 2026-10-04 (MSG_0956) passed 1 day(s) before the most recent message; this subject is a meeting or event.,deadline_overdue category_meeting_event
MSG_0037,EVENT_0007,GROUP_016,Review,low,0.5952,0.05,pending,,2026-10-05 01:24:00,"Assessed low: this subject is a meeting or event. the only statements made about this subject are hedged (""could be""), so no firm status can be asserted.",status_unclear no_deadline category_meeting_event
MSG_0038,TASK_0012,GROUP_012,Update the project tracker,low,0.5664,-5.1,cancelled,2026-10-06,2026-10-05 01:24:00,Assessed low: the subject was chased after it was reported closed; the recorded messages disagree about this subject's state. MSG_0942 cancels this.,status_cancelled status_contested chased_after_closure
MSG_0039,TASK_0013,GROUP_017,Demo was ready,low,0.5434,0.4,pending,,2026-10-05 01:24:00,Assessed low: this subject is work the recipient must do.,no_deadline category_action_required
MSG_0041,TASK_0014,GROUP_018,Review the file before the meeting,low,0.5434,0.4,pending,,2026-10-05 01:24:00,Assessed low: this subject is work the recipient must do.,no_deadline category_action_required
MSG_0042,EVENT_0008,GROUP_019,Client discussion,low,0.7509,0.95,rescheduled,,2026-10-05 01:24:00,Assessed low: the event of 2026-10-09 (MSG_0961) is 4 days away; this subject is a meeting or event.,deadline_within_7_days category_meeting_event
MSG_0043,EVENT_0009,GROUP_001,Family dinner,medium,0.7509,2.25,rescheduled,,2026-10-05 01:24:00,Assessed medium: the event of 2026-10-06 (MSG_0958) is one day after the most recent message; this subject is a meeting or event.,deadline_tomorrow category_meeting_event
MSG_0044,TASK_0015,GROUP_020,Complete the Python exercise,low,0.5046,-5.7,cancelled,2026-10-01,2026-10-05 01:24:00,Assessed low: the recorded messages disagree about this subject's state. MSG_0938 cancels this.,status_cancelled status_contested
MSG_0045,TASK_0016,GROUP_014,Complete the onboarding form,critical,0.82,5.5,pending,2026-09-06,2026-10-05 01:24:00,Assessed critical: the deadline of 2026-09-06 (MSG_0624) passed 29 day(s) before the most recent message; the subject has been chased 6 times; the most recent traffic about this subject is an unanswered question.,deadline_overdue chased_repeatedly response_required category_action_required
MSG_0046,TASK_0017,GROUP_021,Call the service centre,low,0.5664,-5.1,completed,2026-10-02,2026-10-05 01:24:00,Assessed low: the subject was chased after it was reported closed; the recorded messages disagree about this subject's state. MSG_0939 reports this complete.,status_completed status_contested chased_after_closure
MSG_0049,EVENT_0010,GROUP_022,Product demo,high,0.7509,3.45,rescheduled,,2026-10-05 01:24:00,Assessed high: the event of 2026-10-01 (MSG_0965) passed 4 day(s) before the most recent message; this subject is a meeting or event.,deadline_overdue category_meeting_event
MSG_0051,EVENT_0011,GROUP_023,Doctor appointment,medium,0.7509,1.65,rescheduled,,2026-10-05 01:24:00,Assessed medium: the event of 2026-10-08 (MSG_0960) is 3 days away; this subject is a meeting or event.,deadline_within_3_days category_meeting_event
MSG_0054,EVENT_0012,GROUP_024,Review,low,0.5952,0.05,pending,,2026-10-05 01:24:00,"Assessed low: this subject is a meeting or event. the only statements made about this subject are hedged (""could be""), so no firm status can be asserted.",status_unclear no_deadline category_meeting_event
MSG_0055,EVENT_0013,GROUP_019,Client discussion,low,0.7509,0.95,rescheduled,,2026-10-05 01:24:00,Assessed low: the event of 2026-10-09 (MSG_0961) is 4 days away; this subject is a meeting or event.,deadline_within_7_days category_meeting_event
MSG_0056,TASK_0018,GROUP_025,Call Maya when you are free,low,0.5434,0.4,pending,,2026-10-05 01:24:00,Assessed low: this subject is work the recipient must do.,no_deadline category_action_required
MSG_0057,TASK_0019,,I will send the login details separately,low,0.451,0.4,,,2026-10-05 01:24:00,Assessed low: this subject is work the recipient must do.,no_deadline category_action_required
MSG_0058,TASK_0020,GROUP_002,Review the privacy checklist,critical,0.82,5.1,pending,2026-09-30,2026-10-05 01:24:00,Assessed critical: the deadline of 2026-09-30 (MSG_0980) passed 5 day(s) before the most recent message; the subject has been chased 3 times; the most recent traffic about this subject is an unanswered question. MSG_0980 pushed the deadline from 2026-09-03 back to 2026-09-30.,deadline_overdue deadline_moved_later chased_repeatedly response_required category_action_required
MSG_0060,TASK_0021,GROUP_014,Complete the onboarding form,critical,0.82,5.5,pending,2026-09-06,2026-10-05 01:24:00,Assessed critical: the deadline of 2026-09-06 (MSG_0624) passed 29 day(s) before the most recent message; the subject has been chased 6 times; the most recent traffic about this subject is an unanswered question.,deadline_overdue chased_repeatedly response_required category_action_required
MSG_0062,EVENT_0014,GROUP_026,AI workshop,high,0.7509,3.45,rescheduled,,2026-10-05 01:24:00,Assessed high: the event of 2026-09-30 (MSG_0964) passed 5 day(s) before the most recent message; this subject is a meeting or event.,deadline_overdue category_meeting_event
MSG_0063,TASK_0022,GROUP_007,Renew the library book,critical,0.8892,8.5,pending,2026-09-30,2026-10-05 01:24:00,Assessed critical: the deadline of 2026-09-30 (MSG_0986) passed 5 day(s) before the most recent message; at least one message about this subject uses explicit urgency wording; the subject has been chased 5 times.,deadline_overdue deadline_moved_earlier deadline_conflict explicit_urgency chased_repeatedly response_required category_action_required
MSG_0065,TASK_0023,GROUP_011,Email the signed document,low,0.5712,-5.1,completed,2026-09-06,2026-10-05 01:24:00,Assessed low: the subject was chased after it was reported closed; the recorded messages disagree about this subject's state. MSG_0933 reports this complete.,status_completed status_contested chased_after_closure
MSG_0066,EVENT_0015,GROUP_027,Project review,high,0.7509,3.45,rescheduled,,2026-10-05 01:24:00,Assessed high: the event of 2026-09-29 (MSG_0963) passed 6 day(s) before the most recent message; this subject is a meeting or event.,deadline_overdue category_meeting_event
MSG_0067,EVENT_0016,GROUP_026,AI workshop,high,0.7509,3.45,rescheduled,,2026-10-05 01:24:00,Assessed high: the event of 2026-09-30 (MSG_0964) passed 5 day(s) before the most recent message; this subject is a meeting or event.,deadline_overdue category_meeting_event
MSG_0072,TASK_0024,GROUP_007,Renew the library book,critical,0.8892,8.5,pending,2026-09-30,2026-10-05 01:24:00,Assessed critical: the deadline of 2026-09-30 (MSG_0986) passed 5 day(s) before the most recent message; at least one message about this subject uses explicit urgency wording; the subject has been chased 5 times.,deadline_overdue deadline_moved_earlier deadline_conflict explicit_urgency chased_repeatedly response_required category_action_required
MSG_0077,EVENT_0017,GROUP_022,Product demo,high,0.7509,3.45,rescheduled,,2026-10-05 01:24:00,Assessed high: the event of 2026-10-01 (MSG_0965) passed 4 day(s) before the most recent message; this subject is a meeting or event.,deadline_overdue category_meeting_event
MSG_0083,TASK_0025,GROUP_007,Renew the library book,critical,0.8892,8.5,pending,2026-09-30,2026-10-05 01:24:00,Assessed critical: the deadline of 2026-09-30 (MSG_0986) passed 5 day(s) before the most recent message; at least one message about this subject uses explicit urgency wording; the subject has been chased 5 times.,deadline_overdue deadline_moved_earlier deadline_conflict explicit_urgency chased_repeatedly response_required category_action_required
MSG_0088,TASK_0026,GROUP_028,Finish the test cases,low,0.5664,-5.1,completed,2026-09-27,2026-10-05 01:24:00,Assessed low: the subject was chased after it was reported closed; the recorded messages disagree about this subject's state. MSG_0931 reports this complete.,status_completed status_contested chased_after_closure
MSG_0089,TASK_0027,GROUP_021,Call the service centre,low,0.5664,-5.1,completed,2026-10-02,2026-10-05 01:24:00,Assessed low: the subject was chased after it was reported closed; the recorded messages disagree about this subject's state. MSG_0939 reports this complete.,status_completed status_contested chased_after_closure
MSG_0097,EVENT_0018,GROUP_029,Placement briefing,medium,0.7509,2.25,rescheduled,,2026-10-05 01:24:00,Assessed medium: the event of 2026-10-06 (MSG_0970) is one day after the most recent message; this subject is a meeting or event.,deadline_tomorrow category_meeting_event
MSG_0098,EVENT_0019,GROUP_030,Review,low,0.5952,0.05,pending,,2026-10-05 01:24:00,"Assessed low: this subject is a meeting or event. the only statements made about this subject are hedged (""could be""), so no firm status can be asserted.",status_unclear no_deadline category_meeting_event
MSG_0100,EVENT_0020,GROUP_031,Sprint planning,high,0.7509,3.45,rescheduled,,2026-10-05 01:24:00,Assessed high: the event of 2026-10-03 (MSG_0967) passed 2 day(s) before the most recent message; this subject is a meeting or event.,deadline_overdue category_meeting_event
MSG_0101,TASK_0028,GROUP_011,Email the signed document,low,0.5712,-5.1,completed,2026-09-06,2026-10-05 01:24:00,Assessed low: the subject was chased after it was reported closed; the recorded messages disagree about this subject's state. MSG_0933 reports this complete.,status_completed status_contested chased_after_closure
MSG_0102,TASK_0029,GROUP_032,Send the revised presentation,low,0.5657,-5.1,cancelled,2026-09-29,2026-10-05 01:24:00,Assessed low: the subject was chased after it was reported closed; the recorded messages disagree about this subject's state. MSG_0934 cancels this.,status_cancelled status_contested chased_after_closure
MSG_0103,EVENT_0021,GROUP_033,Technical interview,high,0.7509,3.45,rescheduled,,2026-10-05 01:24:00,Assessed high: the event of 2026-10-04 (MSG_0968) passed 1 day(s) before the most recent message; this subject is a meeting or event.,deadline_overdue category_meeting_event
MSG_0110,TASK_0030,GROUP_018,Review the file before the meeting,low,0.5434,0.4,pending,,2026-10-05 01:24:00,Assessed low: this subject is work the recipient must do.,no_deadline category_action_required
MSG_0111,TASK_0031,GROUP_008,Review the model results,low,0.5659,-5.1,completed,2026-09-30,2026-10-05 01:24:00,Assessed low: the subject was chased after it was reported closed; the recorded messages disagree about this subject's state. MSG_0935 reports this complete.,status_completed status_contested chased_after_closure
MSG_0112,TASK_0032,GROUP_032,Send the revised presentation,low,0.5657,-5.1,cancelled,2026-09-29,2026-10-05 01:24:00,Assessed low: the subject was chased after it was reported closed; the recorded messages disagree about this subject's state. MSG_0934 cancels this.,status_cancelled status_contested chased_after_closure
MSG_0113,TASK_0033,GROUP_034,Prepare the demo video,low,0.5046,-5.7,completed,2026-09-27,2026-10-05 01:24:00,Assessed low: the recorded messages disagree about this subject's state. MSG_0937 reports this complete.,status_completed status_contested
MSG_0114,TASK_0034,GROUP_020,Complete the Python exercise,low,0.5046,-5.7,cancelled,2026-10-01,2026-10-05 01:24:00,Assessed low: the recorded messages disagree about this subject's state. MSG_0938 cancels this.,status_cancelled status_contested
MSG_0115,TASK_0035,GROUP_021,Call the service centre,low,0.5664,-5.1,completed,2026-10-02,2026-10-05 01:24:00,Assessed low: the subject was chased after it was reported closed; the recorded messages disagree about this subject's state. MSG_0939 reports this complete.,status_completed status_contested chased_after_closure
MSG_0119,TASK_0036,GROUP_035,Send the expense receipt,low,0.5046,-5.7,cancelled,2026-10-01,2026-10-05 01:24:00,Assessed low: the recorded messages disagree about this subject's state. MSG_0940 cancels this.,status_cancelled status_contested
MSG_0121,TASK_0037,GROUP_025,Call Maya when you are free,low,0.5434,0.4,pending,,2026-10-05 01:24:00,Assessed low: this subject is work the recipient must do.,no_deadline category_action_required
MSG_0122,EVENT_0022,GROUP_003,Mentor catch-up,medium,0.7509,2.65,rescheduled,,2026-10-05 01:24:00,Assessed medium: the event of 2026-10-05 (MSG_0969) is the day of the most recent message; this subject is a meeting or event.,deadline_today category_meeting_event
MSG_0123,EVENT_0023,GROUP_029,Placement briefing,medium,0.7509,2.25,rescheduled,,2026-10-05 01:24:00,Assessed medium: the event of 2026-10-06 (MSG_0970) is one day after the most recent message; this subject is a meeting or event.,deadline_tomorrow category_meeting_event
MSG_0124,EVENT_0024,GROUP_003,Mentor catch-up,medium,0.7509,2.65,rescheduled,,2026-10-05 01:24:00,Assessed medium: the event of 2026-10-05 (MSG_0969) is the day of the most recent message; this subject is a meeting or event.,deadline_today category_meeting_event
MSG_0127,EVENT_0025,GROUP_023,Doctor appointment,medium,0.7509,1.65,rescheduled,,2026-10-05 01:24:00,Assessed medium: the event of 2026-10-08 (MSG_0960) is 3 days away; this subject is a meeting or event.,deadline_within_3_days category_meeting_event
MSG_0129,EVENT_0026,GROUP_009,Team stand-up,low,0.6817,-6.0,cancelled,,2026-10-05 01:24:00,Assessed low: DEMO_008 cancels this.,status_cancelled
MSG_0131,EVENT_0027,GROUP_027,Project review,high,0.7509,3.45,rescheduled,,2026-10-05 01:24:00,Assessed high: the event of 2026-09-29 (MSG_0963) passed 6 day(s) before the most recent message; this subject is a meeting or event.,deadline_overdue category_meeting_event
MSG_0132,TASK_0038,GROUP_017,Demo was ready,low,0.5434,0.4,pending,,2026-10-05 01:24:00,Assessed low: this subject is work the recipient must do.,no_deadline category_action_required
MSG_0133,EVENT_0028,,Meeting,low,0.451,0.25,,,2026-10-05 01:24:00,Assessed low: this subject is a meeting or event.,no_deadline category_meeting_event
MSG_0135,EVENT_0029,GROUP_003,Mentor catch-up,medium,0.7509,2.65,rescheduled,,2026-10-05 01:24:00,Assessed medium: the event of 2026-10-05 (MSG_0969) is the day of the most recent message; this subject is a meeting or event.,deadline_today category_meeting_event
MSG_0136,TASK_0039,GROUP_034,Prepare the demo video,low,0.5046,-5.7,completed,2026-09-27,2026-10-05 01:24:00,Assessed low: the recorded messages disagree about this subject's state. MSG_0937 reports this complete.,status_completed status_contested
MSG_0138,EVENT_0030,GROUP_022,Product demo,high,0.7509,3.45,rescheduled,,2026-10-05 01:24:00,Assessed high: the event of 2026-10-01 (MSG_0965) passed 4 day(s) before the most recent message; this subject is a meeting or event.,deadline_overdue category_meeting_event
MSG_0139,TASK_0040,GROUP_012,Update the project tracker,low,0.5664,-5.1,cancelled,2026-10-06,2026-10-05 01:24:00,Assessed low: the subject was chased after it was reported closed; the recorded messages disagree about this subject's state. MSG_0942 cancels this.,status_cancelled status_contested chased_after_closure
MSG_0144,TASK_0041,GROUP_021,Call the service centre,low,0.5664,-5.1,completed,2026-10-02,2026-10-05 01:24:00,Assessed low: the subject was chased after it was reported closed; the recorded messages disagree about this subject's state. MSG_0939 reports this complete.,status_completed status_contested chased_after_closure
MSG_0145,TASK_0042,GROUP_020,Complete the Python exercise,low,0.5046,-5.7,cancelled,2026-10-01,2026-10-05 01:24:00,Assessed low: the recorded messages disagree about this subject's state. MSG_0938 cancels this.,status_cancelled status_contested
MSG_0147,TASK_0043,GROUP_034,Prepare the demo video,low,0.5046,-5.7,completed,2026-09-27,2026-10-05 01:24:00,Assessed low: the recorded messages disagree about this subject's state. MSG_0937 reports this complete.,status_completed status_contested
MSG_0148,TASK_0044,,I will send the login details separately,low,0.451,0.4,,,2026-10-05 01:24:00,Assessed low: this subject is work the recipient must do.,no_deadline category_action_required
MSG_0150,TASK_0045,GROUP_021,Call the service centre,low,0.5664,-5.1,completed,2026-10-02,2026-10-05 01:24:00,Assessed low: the subject was chased after it was reported closed; the recorded messages disagree about this subject's state. MSG_0939 reports this complete.,status_completed status_contested chased_after_closure
MSG_0151,EVENT_0031,GROUP_027,Project review,high,0.7509,3.45,rescheduled,,2026-10-05 01:24:00,Assessed high: the event of 2026-09-29 (MSG_0963) passed 6 day(s) before the most recent message; this subject is a meeting or event.,deadline_overdue category_meeting_event
MSG_0153,TASK_0046,GROUP_028,Finish the test cases,low,0.5664,-5.1,completed,2026-09-27,2026-10-05 01:24:00,Assessed low: the subject was chased after it was reported closed; the recorded messages disagree about this subject's state. MSG_0931 reports this complete.,status_completed status_contested chased_after_closure
MSG_0154,EVENT_0032,GROUP_029,Placement briefing,medium,0.7509,2.25,rescheduled,,2026-10-05 01:24:00,Assessed medium: the event of 2026-10-06 (MSG_0970) is one day after the most recent message; this subject is a meeting or event.,deadline_tomorrow category_meeting_event
MSG_0156,EVENT_0033,GROUP_029,Placement briefing,medium,0.7509,2.25,rescheduled,,2026-10-05 01:24:00,Assessed medium: the event of 2026-10-06 (MSG_0970) is one day after the most recent message; this subject is a meeting or event.,deadline_tomorrow category_meeting_event
MSG_0157,TASK_0047,GROUP_036,Verify the dataset labels,low,0.5046,-5.7,cancelled,2026-09-28,2026-10-05 01:24:00,Assessed low: the recorded messages disagree about this subject's state. MSG_0948 cancels this.,status_cancelled status_contested
MSG_0160,TASK_0048,GROUP_037,Submit the weekly report,low,0.4796,-5.7,completed,2026-09-28,2026-10-05 01:24:00,Assessed low: the recorded messages disagree about this subject's state. MSG_0949 reports this complete.,status_completed status_contested
MSG_0162,EVENT_0034,GROUP_015,Study-group session,high,0.7509,3.45,rescheduled,,2026-10-05 01:24:00,Assessed high: the event of 2026-10-04 (MSG_0956) passed 1 day(s) before the most recent message; this subject is a meeting or event.,deadline_overdue category_meeting_event
MSG_0163,TASK_0049,GROUP_021,Call the service centre,low,0.5664,-5.1,completed,2026-10-02,2026-10-05 01:24:00,Assessed low: the subject was chased after it was reported closed; the recorded messages disagree about this subject's state. MSG_0939 reports this complete.,status_completed status_contested chased_after_closure
MSG_0168,EVENT_0035,GROUP_026,AI workshop,high,0.7509,3.45,rescheduled,,2026-10-05 01:24:00,Assessed high: the event of 2026-09-30 (MSG_0964) passed 5 day(s) before the most recent message; this subject is a meeting or event.,deadline_overdue category_meeting_event
MSG_0169,EVENT_0036,GROUP_031,Sprint planning,high,0.7509,3.45,rescheduled,,2026-10-05 01:24:00,Assessed high: the event of 2026-10-03 (MSG_0967) passed 2 day(s) before the most recent message; this subject is a meeting or event.,deadline_overdue category_meeting_event
MSG_0170,TASK_0050,GROUP_038,Share the meeting notes,critical,0.8892,5.9,pending,2026-09-27,2026-10-05 01:24:00,Assessed critical: the deadline of 2026-09-27 (MSG_0971) passed 8 day(s) before the most recent message; at least one message about this subject uses explicit urgency wording; the most recent traffic about this subject is an unanswered question. MSG_0971 pushed the deadline from 2026-09-02 back to 2026-09-27.,deadline_overdue deadline_moved_later explicit_urgency chased_once response_required category_action_required
MSG_0171,TASK_0051,GROUP_010,Confirm the interview slot,critical,0.8299,9.3,pending,2026-10-02,2026-10-05 01:24:00,"Assessed critical: the deadline of 2026-10-02 (MSG_0976) passed 3 day(s) before the most recent message; DEMO_001 states the deadline as ""tomorrow at 10:00""; it was not resolved to a date, so the proximity is taken from the wording; at least one message about this subject uses explicit urgency wording. MSG_0976 pushed the deadline from 2026-09-28 back to 2026-10-02.",deadline_relative_imminent deadline_overdue deadline_moved_later deadline_conflict explicit_urgency chased_repeatedly response_required category_action_required
MSG_0173,TASK_0052,GROUP_008,Review the model results,low,0.5659,-5.1,completed,2026-09-30,2026-10-05 01:24:00,Assessed low: the subject was chased after it was reported closed; the recorded messages disagree about this subject's state. MSG_0935 reports this complete.,status_completed status_contested chased_after_closure
MSG_0175,TASK_0053,GROUP_008,Review the model results,low,0.5659,-5.1,completed,2026-09-30,2026-10-05 01:24:00,Assessed low: the subject was chased after it was reported closed; the recorded messages disagree about this subject's state. MSG_0935 reports this complete.,status_completed status_contested chased_after_closure
MSG_0177,EVENT_0037,GROUP_031,Sprint planning,high,0.7509,3.45,rescheduled,,2026-10-05 01:24:00,Assessed high: the event of 2026-10-03 (MSG_0967) passed 2 day(s) before the most recent message; this subject is a meeting or event.,deadline_overdue category_meeting_event
MSG_0178,TASK_0054,GROUP_007,Renew the library book,critical,0.8892,8.5,pending,2026-09-30,2026-10-05 01:24:00,Assessed critical: the deadline of 2026-09-30 (MSG_0986) passed 5 day(s) before the most recent message; at least one message about this subject uses explicit urgency wording; the subject has been chased 5 times.,deadline_overdue deadline_moved_earlier deadline_conflict explicit_urgency chased_repeatedly response_required category_action_required
MSG_0180,TASK_0055,GROUP_017,Demo was ready,low,0.5434,0.4,pending,,2026-10-05 01:24:00,Assessed low: this subject is work the recipient must do.,no_deadline category_action_required
MSG_0184,EVENT_0038,GROUP_029,Placement briefing,medium,0.7509,2.25,rescheduled,,2026-10-05 01:24:00,Assessed medium: the event of 2026-10-06 (MSG_0970) is one day after the most recent message; this subject is a meeting or event.,deadline_tomorrow category_meeting_event
MSG_0190,TASK_0056,GROUP_018,Review the file before the meeting,low,0.5434,0.4,pending,,2026-10-05 01:24:00,Assessed low: this subject is work the recipient must do.,no_deadline category_action_required
MSG_0193,TASK_0057,GROUP_025,Call Maya when you are free,low,0.5434,0.4,pending,,2026-10-05 01:24:00,Assessed low: this subject is work the recipient must do.,no_deadline category_action_required
MSG_0195,TASK_0058,GROUP_010,Confirm the interview slot,critical,0.8299,9.3,pending,2026-10-02,2026-10-05 01:24:00,"Assessed critical: the deadline of 2026-10-02 (MSG_0976) passed 3 day(s) before the most recent message; DEMO_001 states the deadline as ""tomorrow at 10:00""; it was not resolved to a date, so the proximity is taken from the wording; at least one message about this subject uses explicit urgency wording. MSG_0976 pushed the deadline from 2026-09-28 back to 2026-10-02.",deadline_relative_imminent deadline_overdue deadline_moved_later deadline_conflict explicit_urgency chased_repeatedly response_required category_action_required
MSG_0198,TASK_0059,GROUP_018,Review the file before the meeting,low,0.5434,0.4,pending,,2026-10-05 01:24:00,Assessed low: this subject is work the recipient must do.,no_deadline category_action_required
MSG_0201,EVENT_0039,GROUP_029,Placement briefing,medium,0.7509,2.25,rescheduled,,2026-10-05 01:24:00,Assessed medium: the event of 2026-10-06 (MSG_0970) is one day after the most recent message; this subject is a meeting or event.,deadline_tomorrow category_meeting_event
MSG_0203,TASK_0060,GROUP_034,Prepare the demo video,low,0.5046,-5.7,completed,2026-09-27,2026-10-05 01:24:00,Assessed low: the recorded messages disagree about this subject's state. MSG_0937 reports this complete.,status_completed status_contested
MSG_0207,EVENT_0040,,Meeting,low,0.451,0.25,,,2026-10-05 01:24:00,Assessed low: this subject is a meeting or event.,no_deadline category_meeting_event
MSG_0208,TASK_0061,GROUP_037,Submit the weekly report,low,0.4796,-5.7,completed,2026-09-28,2026-10-05 01:24:00,Assessed low: the recorded messages disagree about this subject's state. MSG_0949 reports this complete.,status_completed status_contested
MSG_0209,EVENT_0041,GROUP_009,Team stand-up,low,0.6817,-6.0,cancelled,,2026-10-05 01:24:00,Assessed low: DEMO_008 cancels this.,status_cancelled
MSG_0210,TASK_0062,GROUP_028,Finish the test cases,low,0.5664,-5.1,completed,2026-09-27,2026-10-05 01:24:00,Assessed low: the subject was chased after it was reported closed; the recorded messages disagree about this subject's state. MSG_0931 reports this complete.,status_completed status_contested chased_after_closure
MSG_0213,EVENT_0042,GROUP_039,Review,low,0.5952,0.05,pending,,2026-10-05 01:24:00,"Assessed low: this subject is a meeting or event. the only statements made about this subject are hedged (""could be""), so no firm status can be asserted.",status_unclear no_deadline category_meeting_event
MSG_0215,TASK_0063,GROUP_002,Review the privacy checklist,critical,0.82,5.1,pending,2026-09-30,2026-10-05 01:24:00,Assessed critical: the deadline of 2026-09-30 (MSG_0980) passed 5 day(s) before the most recent message; the subject has been chased 3 times; the most recent traffic about this subject is an unanswered question. MSG_0980 pushed the deadline from 2026-09-03 back to 2026-09-30.,deadline_overdue deadline_moved_later chased_repeatedly response_required category_action_required
MSG_0216,EVENT_0043,GROUP_027,Project review,high,0.7509,3.45,rescheduled,,2026-10-05 01:24:00,Assessed high: the event of 2026-09-29 (MSG_0963) passed 6 day(s) before the most recent message; this subject is a meeting or event.,deadline_overdue category_meeting_event
MSG_0217,EVENT_0044,GROUP_040,Review,low,0.5952,0.05,pending,,2026-10-05 01:24:00,"Assessed low: this subject is a meeting or event. the only statements made about this subject are hedged (""could be""), so no firm status can be asserted.",status_unclear no_deadline category_meeting_event
MSG_0218,EVENT_0045,GROUP_031,Sprint planning,high,0.7509,3.45,rescheduled,,2026-10-05 01:24:00,Assessed high: the event of 2026-10-03 (MSG_0967) passed 2 day(s) before the most recent message; this subject is a meeting or event.,deadline_overdue category_meeting_event
MSG_0219,TASK_0064,GROUP_035,Send the expense receipt,low,0.5046,-5.7,cancelled,2026-10-01,2026-10-05 01:24:00,Assessed low: the recorded messages disagree about this subject's state. MSG_0940 cancels this.,status_cancelled status_contested
MSG_0220,TASK_0065,GROUP_010,Confirm the interview slot,critical,0.8299,9.3,pending,2026-10-02,2026-10-05 01:24:00,"Assessed critical: the deadline of 2026-10-02 (MSG_0976) passed 3 day(s) before the most recent message; DEMO_001 states the deadline as ""tomorrow at 10:00""; it was not resolved to a date, so the proximity is taken from the wording; at least one message about this subject uses explicit urgency wording. MSG_0976 pushed the deadline from 2026-09-28 back to 2026-10-02.",deadline_relative_imminent deadline_overdue deadline_moved_later deadline_conflict explicit_urgency chased_repeatedly response_required category_action_required
MSG_0221,TASK_0066,GROUP_028,Finish the test cases,low,0.5664,-5.1,completed,2026-09-27,2026-10-05 01:24:00,Assessed low: the subject was chased after it was reported closed; the recorded messages disagree about this subject's state. MSG_0931 reports this complete.,status_completed status_contested chased_after_closure
MSG_0222,EVENT_0046,GROUP_006,Internship orientation,medium,0.7509,1.65,rescheduled,,2026-10-05 01:24:00,Assessed medium: the event of 2026-10-07 (DEMO_009) is 2 days away; this subject is a meeting or event.,deadline_within_3_days category_meeting_event
MSG_0223,EVENT_0047,GROUP_015,Study-group session,high,0.7509,3.45,rescheduled,,2026-10-05 01:24:00,Assessed high: the event of 2026-10-04 (MSG_0956) passed 1 day(s) before the most recent message; this subject is a meeting or event.,deadline_overdue category_meeting_event
MSG_0226,TASK_0067,GROUP_036,Verify the dataset labels,low,0.5046,-5.7,cancelled,2026-09-28,2026-10-05 01:24:00,Assessed low: the recorded messages disagree about this subject's state. MSG_0948 cancels this.,status_cancelled status_contested
MSG_0231,TASK_0068,GROUP_032,Send the revised presentation,low,0.5657,-5.1,cancelled,2026-09-29,2026-10-05 01:24:00,Assessed low: the subject was chased after it was reported closed; the recorded messages disagree about this subject's state. MSG_0934 cancels this.,status_cancelled status_contested chased_after_closure
MSG_0232,TASK_0069,GROUP_007,Renew the library book,critical,0.8892,8.5,pending,2026-09-30,2026-10-05 01:24:00,Assessed critical: the deadline of 2026-09-30 (MSG_0986) passed 5 day(s) before the most recent message; at least one message about this subject uses explicit urgency wording; the subject has been chased 5 times.,deadline_overdue deadline_moved_earlier deadline_conflict explicit_urgency chased_repeatedly response_required category_action_required
MSG_0244,EVENT_0048,GROUP_026,AI workshop,high,0.7509,3.45,rescheduled,,2026-10-05 01:24:00,Assessed high: the event of 2026-09-30 (MSG_0964) passed 5 day(s) before the most recent message; this subject is a meeting or event.,deadline_overdue category_meeting_event
MSG_0245,TASK_0070,GROUP_020,Complete the Python exercise,low,0.5046,-5.7,cancelled,2026-10-01,2026-10-05 01:24:00,Assessed low: the recorded messages disagree about this subject's state. MSG_0938 cancels this.,status_cancelled status_contested
MSG_0249,EVENT_0049,GROUP_003,Mentor catch-up,medium,0.7509,2.65,rescheduled,,2026-10-05 01:24:00,Assessed medium: the event of 2026-10-05 (MSG_0969) is the day of the most recent message; this subject is a meeting or event.,deadline_today category_meeting_event
MSG_0251,TASK_0071,GROUP_021,Call the service centre,low,0.5664,-5.1,completed,2026-10-02,2026-10-05 01:24:00,Assessed low: the subject was chased after it was reported closed; the recorded messages disagree about this subject's state. MSG_0939 reports this complete.,status_completed status_contested chased_after_closure
MSG_0252,TASK_0072,GROUP_041,Back up the project files,critical,0.8892,5.9,pending,2026-09-27,2026-10-05 01:24:00,Assessed critical: the deadline of 2026-09-27 (MSG_0989) passed 8 day(s) before the most recent message; at least one message about this subject uses explicit urgency wording; the most recent traffic about this subject is an unanswered question. MSG_0989 pushed the deadline from 2026-09-08 back to 2026-09-27.,deadline_overdue deadline_moved_later explicit_urgency chased_once response_required category_action_required
MSG_0255,EVENT_0050,GROUP_006,Internship orientation,medium,0.7509,1.65,rescheduled,,2026-10-05 01:24:00,Assessed medium: the event of 2026-10-07 (DEMO_009) is 2 days away; this subject is a meeting or event.,deadline_within_3_days category_meeting_event
MSG_0258,EVENT_0051,GROUP_019,Client discussion,low,0.7509,0.95,rescheduled,,2026-10-05 01:24:00,Assessed low: the event of 2026-10-09 (MSG_0961) is 4 days away; this subject is a meeting or event.,deadline_within_7_days category_meeting_event
MSG_0265,TASK_0073,GROUP_005,Pay the electricity bill,high,0.82,4.1,pending,2026-09-28,2026-10-05 01:24:00,Assessed high: the deadline of 2026-09-28 (MSG_0990) passed 7 day(s) before the most recent message; the most recent traffic about this subject is an unanswered question; the subject has been chased 2 time(s). MSG_0990 pushed the deadline from 2026-09-07 back to 2026-09-28.,deadline_overdue deadline_moved_later chased_once response_required category_action_required
MSG_0268,EVENT_0052,GROUP_031,Sprint planning,high,0.7509,3.45,rescheduled,,2026-10-05 01:24:00,Assessed high: the event of 2026-10-03 (MSG_0967) passed 2 day(s) before the most recent message; this subject is a meeting or event.,deadline_overdue category_meeting_event
MSG_0269,TASK_0074,GROUP_013,Upload the assignment,low,0.8117,1.4,pending,2026-10-20,2026-10-05 01:24:00,Assessed low: the subject has been chased 5 times; the most recent traffic about this subject is an unanswered question; this subject is work the recipient must do. the deadline of 2026-10-20 (DEMO_020) is 15 days away; DEMO_020 pushed the deadline from 2026-09-05 back to 2026-10-20.,deadline_beyond_7_days deadline_moved_later chased_repeatedly response_required category_action_required
MSG_0271,EVENT_0053,GROUP_042,Design review,low,0.5434,0.25,pending,,2026-10-05 01:24:00,Assessed low: this subject is a meeting or event.,no_deadline category_meeting_event
MSG_0275,EVENT_0054,GROUP_001,Family dinner,medium,0.7509,2.25,rescheduled,,2026-10-05 01:24:00,Assessed medium: the event of 2026-10-06 (MSG_0958) is one day after the most recent message; this subject is a meeting or event.,deadline_tomorrow category_meeting_event
MSG_0277,TASK_0075,GROUP_017,Demo was ready,low,0.5434,0.4,pending,,2026-10-05 01:24:00,Assessed low: this subject is work the recipient must do.,no_deadline category_action_required
MSG_0278,EVENT_0055,,Meeting,low,0.451,0.25,,,2026-10-05 01:24:00,Assessed low: this subject is a meeting or event.,no_deadline category_meeting_event
MSG_0280,TASK_0076,GROUP_038,Share the meeting notes,critical,0.8892,5.9,pending,2026-09-27,2026-10-05 01:24:00,Assessed critical: the deadline of 2026-09-27 (MSG_0971) passed 8 day(s) before the most recent message; at least one message about this subject uses explicit urgency wording; the most recent traffic about this subject is an unanswered question. MSG_0971 pushed the deadline from 2026-09-02 back to 2026-09-27.,deadline_overdue deadline_moved_later explicit_urgency chased_once response_required category_action_required
MSG_0282,EVENT_0056,GROUP_033,Technical interview,high,0.7509,3.45,rescheduled,,2026-10-05 01:24:00,Assessed high: the event of 2026-10-04 (MSG_0968) passed 1 day(s) before the most recent message; this subject is a meeting or event.,deadline_overdue category_meeting_event
MSG_0283,TASK_0077,GROUP_021,Call the service centre,low,0.5664,-5.1,completed,2026-10-02,2026-10-05 01:24:00,Assessed low: the subject was chased after it was reported closed; the recorded messages disagree about this subject's state. MSG_0939 reports this complete.,status_completed status_contested chased_after_closure
MSG_0287,TASK_0078,GROUP_004,Reply to the client email,critical,0.82,5.5,pending,2026-09-10,2026-10-05 01:24:00,Assessed critical: the deadline of 2026-09-10 (MSG_0853) passed 25 day(s) before the most recent message; the subject has been chased 6 times; the most recent traffic about this subject is an unanswered question.,deadline_overdue chased_repeatedly response_required category_action_required
MSG_0289,TASK_0079,GROUP_028,Finish the test cases,low,0.5664,-5.1,completed,2026-09-27,2026-10-05 01:24:00,Assessed low: the subject was chased after it was reported closed; the recorded messages disagree about this subject's state. MSG_0931 reports this complete.,status_completed status_contested chased_after_closure
MSG_0293,EVENT_0057,GROUP_042,Design review,low,0.5434,0.25,pending,,2026-10-05 01:24:00,Assessed low: this subject is a meeting or event.,no_deadline category_meeting_event
MSG_0294,EVENT_0058,GROUP_003,Mentor catch-up,medium,0.7509,2.65,rescheduled,,2026-10-05 01:24:00,Assessed medium: the event of 2026-10-05 (MSG_0969) is the day of the most recent message; this subject is a meeting or event.,deadline_today category_meeting_event
MSG_0300,TASK_0080,GROUP_012,Update the project tracker,low,0.5664,-5.1,cancelled,2026-10-06,2026-10-05 01:24:00,Assessed low: the subject was chased after it was reported closed; the recorded messages disagree about this subject's state. MSG_0942 cancels this.,status_cancelled status_contested chased_after_closure
MSG_0301,TASK_0081,GROUP_004,Reply to the client email,critical,0.82,5.5,pending,2026-09-10,2026-10-05 01:24:00,Assessed critical: the deadline of 2026-09-10 (MSG_0853) passed 25 day(s) before the most recent message; the subject has been chased 6 times; the most recent traffic about this subject is an unanswered question.,deadline_overdue chased_repeatedly response_required category_action_required
MSG_0302,EVENT_0059,GROUP_019,Client discussion,low,0.7509,0.95,rescheduled,,2026-10-05 01:24:00,Assessed low: the event of 2026-10-09 (MSG_0961) is 4 days away; this subject is a meeting or event.,deadline_within_7_days category_meeting_event
MSG_0306,TASK_0082,GROUP_008,Review the model results,low,0.5659,-5.1,completed,2026-09-30,2026-10-05 01:24:00,Assessed low: the subject was chased after it was reported closed; the recorded messages disagree about this subject's state. MSG_0935 reports this complete.,status_completed status_contested chased_after_closure
MSG_0307,TASK_0083,GROUP_032,Send the revised presentation,low,0.5657,-5.1,cancelled,2026-09-29,2026-10-05 01:24:00,Assessed low: the subject was chased after it was reported closed; the recorded messages disagree about this subject's state. MSG_0934 cancels this.,status_cancelled status_contested chased_after_closure
MSG_0309,TASK_0084,GROUP_011,Email the signed document,low,0.5712,-5.1,completed,2026-09-06,2026-10-05 01:24:00,Assessed low: the subject was chased after it was reported closed; the recorded messages disagree about this subject's state. MSG_0933 reports this complete.,status_completed status_contested chased_after_closure
MSG_0310,TASK_0085,GROUP_043,Send it soon,low,0.5434,0.4,pending,,2026-10-05 01:24:00,Assessed low: this subject is work the recipient must do.,no_deadline category_action_required
MSG_0311,EVENT_0060,GROUP_015,Study-group session,high,0.7509,3.45,rescheduled,,2026-10-05 01:24:00,Assessed high: the event of 2026-10-04 (MSG_0956) passed 1 day(s) before the most recent message; this subject is a meeting or event.,deadline_overdue category_meeting_event
MSG_0312,TASK_0086,GROUP_041,Back up the project files,critical,0.8892,5.9,pending,2026-09-27,2026-10-05 01:24:00,Assessed critical: the deadline of 2026-09-27 (MSG_0989) passed 8 day(s) before the most recent message; at least one message about this subject uses explicit urgency wording; the most recent traffic about this subject is an unanswered question. MSG_0989 pushed the deadline from 2026-09-08 back to 2026-09-27.,deadline_overdue deadline_moved_later explicit_urgency chased_once response_required category_action_required
MSG_0314,TASK_0087,GROUP_010,Confirm the interview slot,critical,0.8299,9.3,pending,2026-10-02,2026-10-05 01:24:00,"Assessed critical: the deadline of 2026-10-02 (MSG_0976) passed 3 day(s) before the most recent message; DEMO_001 states the deadline as ""tomorrow at 10:00""; it was not resolved to a date, so the proximity is taken from the wording; at least one message about this subject uses explicit urgency wording. MSG_0976 pushed the deadline from 2026-09-28 back to 2026-10-02.",deadline_relative_imminent deadline_overdue deadline_moved_later deadline_conflict explicit_urgency chased_repeatedly response_required category_action_required
MSG_0316,EVENT_0061,GROUP_033,Technical interview,high,0.7509,3.45,rescheduled,,2026-10-05 01:24:00,Assessed high: the event of 2026-10-04 (MSG_0968) passed 1 day(s) before the most recent message; this subject is a meeting or event.,deadline_overdue category_meeting_event
MSG_0317,TASK_0088,GROUP_032,Send the revised presentation,low,0.5657,-5.1,cancelled,2026-09-29,2026-10-05 01:24:00,Assessed low: the subject was chased after it was reported closed; the recorded messages disagree about this subject's state. MSG_0934 cancels this.,status_cancelled status_contested chased_after_closure
MSG_0323,TASK_0089,GROUP_043,Send it soon,low,0.5434,0.4,pending,,2026-10-05 01:24:00,Assessed low: this subject is work the recipient must do.,no_deadline category_action_required
MSG_0327,EVENT_0062,GROUP_044,College seminar,low,0.5434,0.25,pending,,2026-10-05 01:24:00,Assessed low: this subject is a meeting or event.,no_deadline category_meeting_event
MSG_0330,EVENT_0063,GROUP_026,AI workshop,high,0.7509,3.45,rescheduled,,2026-10-05 01:24:00,Assessed high: the event of 2026-09-30 (MSG_0964) passed 5 day(s) before the most recent message; this subject is a meeting or event.,deadline_overdue category_meeting_event
MSG_0331,TASK_0090,GROUP_014,Complete the onboarding form,critical,0.82,5.5,pending,2026-09-06,2026-10-05 01:24:00,Assessed critical: the deadline of 2026-09-06 (MSG_0624) passed 29 day(s) before the most recent message; the subject has been chased 6 times; the most recent traffic about this subject is an unanswered question.,deadline_overdue chased_repeatedly response_required category_action_required
MSG_0334,TASK_0091,GROUP_041,Back up the project files,critical,0.8892,5.9,pending,2026-09-27,2026-10-05 01:24:00,Assessed critical: the deadline of 2026-09-27 (MSG_0989) passed 8 day(s) before the most recent message; at least one message about this subject uses explicit urgency wording; the most recent traffic about this subject is an unanswered question. MSG_0989 pushed the deadline from 2026-09-08 back to 2026-09-27.,deadline_overdue deadline_moved_later explicit_urgency chased_once response_required category_action_required
MSG_0335,TASK_0092,GROUP_010,Confirm the interview slot,critical,0.8299,9.3,pending,2026-10-02,2026-10-05 01:24:00,"Assessed critical: the deadline of 2026-10-02 (MSG_0976) passed 3 day(s) before the most recent message; DEMO_001 states the deadline as ""tomorrow at 10:00""; it was not resolved to a date, so the proximity is taken from the wording; at least one message about this subject uses explicit urgency wording. MSG_0976 pushed the deadline from 2026-09-28 back to 2026-10-02.",deadline_relative_imminent deadline_overdue deadline_moved_later deadline_conflict explicit_urgency chased_repeatedly response_required category_action_required
MSG_0338,EVENT_0064,GROUP_022,Product demo,high,0.7509,3.45,rescheduled,,2026-10-05 01:24:00,Assessed high: the event of 2026-10-01 (MSG_0965) passed 4 day(s) before the most recent message; this subject is a meeting or event.,deadline_overdue category_meeting_event
MSG_0339,TASK_0093,GROUP_005,Pay the electricity bill,high,0.82,4.1,pending,2026-09-28,2026-10-05 01:24:00,Assessed high: the deadline of 2026-09-28 (MSG_0990) passed 7 day(s) before the most recent message; the most recent traffic about this subject is an unanswered question; the subject has been chased 2 time(s). MSG_0990 pushed the deadline from 2026-09-07 back to 2026-09-28.,deadline_overdue deadline_moved_later chased_once response_required category_action_required
MSG_0340,TASK_0094,GROUP_041,Back up the project files,critical,0.8892,5.9,pending,2026-09-27,2026-10-05 01:24:00,Assessed critical: the deadline of 2026-09-27 (MSG_0989) passed 8 day(s) before the most recent message; at least one message about this subject uses explicit urgency wording; the most recent traffic about this subject is an unanswered question. MSG_0989 pushed the deadline from 2026-09-08 back to 2026-09-27.,deadline_overdue deadline_moved_later explicit_urgency chased_once response_required category_action_required
MSG_0342,EVENT_0065,GROUP_022,Product demo,high,0.7509,3.45,rescheduled,,2026-10-05 01:24:00,Assessed high: the event of 2026-10-01 (MSG_0965) passed 4 day(s) before the most recent message; this subject is a meeting or event.,deadline_overdue category_meeting_event
MSG_0345,TASK_0095,GROUP_013,Upload the assignment,low,0.8117,1.4,pending,2026-10-20,2026-10-05 01:24:00,Assessed low: the subject has been chased 5 times; the most recent traffic about this subject is an unanswered question; this subject is work the recipient must do. the deadline of 2026-10-20 (DEMO_020) is 15 days away; DEMO_020 pushed the deadline from 2026-09-05 back to 2026-10-20.,deadline_beyond_7_days deadline_moved_later chased_repeatedly response_required category_action_required
MSG_0348,TASK_0096,GROUP_017,Demo was ready,low,0.5434,0.4,pending,,2026-10-05 01:24:00,Assessed low: this subject is work the recipient must do.,no_deadline category_action_required
MSG_0350,EVENT_0066,,Meeting,low,0.451,0.25,,,2026-10-05 01:24:00,Assessed low: this subject is a meeting or event.,no_deadline category_meeting_event
MSG_0354,EVENT_0067,,Meeting,low,0.451,0.25,,,2026-10-05 01:24:00,Assessed low: this subject is a meeting or event.,no_deadline category_meeting_event
MSG_0356,EVENT_0068,GROUP_019,Client discussion,low,0.7509,0.95,rescheduled,,2026-10-05 01:24:00,Assessed low: the event of 2026-10-09 (MSG_0961) is 4 days away; this subject is a meeting or event.,deadline_within_7_days category_meeting_event
MSG_0357,EVENT_0069,GROUP_027,Project review,high,0.7509,3.45,rescheduled,,2026-10-05 01:24:00,Assessed high: the event of 2026-09-29 (MSG_0963) passed 6 day(s) before the most recent message; this subject is a meeting or event.,deadline_overdue category_meeting_event
MSG_0358,TASK_0097,GROUP_035,Send the expense receipt,low,0.5046,-5.7,cancelled,2026-10-01,2026-10-05 01:24:00,Assessed low: the recorded messages disagree about this subject's state. MSG_0940 cancels this.,status_cancelled status_contested
MSG_0359,EVENT_0070,GROUP_033,Technical interview,high,0.7509,3.45,rescheduled,,2026-10-05 01:24:00,Assessed high: the event of 2026-10-04 (MSG_0968) passed 1 day(s) before the most recent message; this subject is a meeting or event.,deadline_overdue category_meeting_event
MSG_0360,TASK_0098,GROUP_036,Verify the dataset labels,low,0.5046,-5.7,cancelled,2026-09-28,2026-10-05 01:24:00,Assessed low: the recorded messages disagree about this subject's state. MSG_0948 cancels this.,status_cancelled status_contested
MSG_0361,TASK_0099,GROUP_034,Prepare the demo video,low,0.5046,-5.7,completed,2026-09-27,2026-10-05 01:24:00,Assessed low: the recorded messages disagree about this subject's state. MSG_0937 reports this complete.,status_completed status_contested
MSG_0363,EVENT_0071,GROUP_042,Design review,low,0.5434,0.25,pending,,2026-10-05 01:24:00,Assessed low: this subject is a meeting or event.,no_deadline category_meeting_event
MSG_0365,TASK_0100,GROUP_004,Reply to the client email,critical,0.82,5.5,pending,2026-09-10,2026-10-05 01:24:00,Assessed critical: the deadline of 2026-09-10 (MSG_0853) passed 25 day(s) before the most recent message; the subject has been chased 6 times; the most recent traffic about this subject is an unanswered question.,deadline_overdue chased_repeatedly response_required category_action_required
MSG_0366,TASK_0101,GROUP_004,Reply to the client email,critical,0.82,5.5,pending,2026-09-10,2026-10-05 01:24:00,Assessed critical: the deadline of 2026-09-10 (MSG_0853) passed 25 day(s) before the most recent message; the subject has been chased 6 times; the most recent traffic about this subject is an unanswered question.,deadline_overdue chased_repeatedly response_required category_action_required
MSG_0368,TASK_0102,GROUP_011,Email the signed document,low,0.5712,-5.1,completed,2026-09-06,2026-10-05 01:24:00,Assessed low: the subject was chased after it was reported closed; the recorded messages disagree about this subject's state. MSG_0933 reports this complete.,status_completed status_contested chased_after_closure
MSG_0369,TASK_0103,GROUP_037,Submit the weekly report,low,0.4796,-5.7,completed,2026-09-28,2026-10-05 01:24:00,Assessed low: the recorded messages disagree about this subject's state. MSG_0949 reports this complete.,status_completed status_contested
MSG_0377,TASK_0104,GROUP_018,Review the file before the meeting,low,0.5434,0.4,pending,,2026-10-05 01:24:00,Assessed low: this subject is work the recipient must do.,no_deadline category_action_required
MSG_0378,EVENT_0072,GROUP_006,Internship orientation,medium,0.7509,1.65,rescheduled,,2026-10-05 01:24:00,Assessed medium: the event of 2026-10-07 (DEMO_009) is 2 days away; this subject is a meeting or event.,deadline_within_3_days category_meeting_event
MSG_0379,TASK_0105,GROUP_037,Submit the weekly report,low,0.4796,-5.7,completed,2026-09-28,2026-10-05 01:24:00,Assessed low: the recorded messages disagree about this subject's state. MSG_0949 reports this complete.,status_completed status_contested
MSG_0382,EVENT_0073,GROUP_027,Project review,high,0.7509,3.45,rescheduled,,2026-10-05 01:24:00,Assessed high: the event of 2026-09-29 (MSG_0963) passed 6 day(s) before the most recent message; this subject is a meeting or event.,deadline_overdue category_meeting_event
MSG_0384,EVENT_0074,GROUP_044,College seminar,low,0.5434,0.25,pending,,2026-10-05 01:24:00,Assessed low: this subject is a meeting or event.,no_deadline category_meeting_event
MSG_0386,TASK_0106,GROUP_043,Send it soon,low,0.5434,0.4,pending,,2026-10-05 01:24:00,Assessed low: this subject is work the recipient must do.,no_deadline category_action_required
MSG_0393,TASK_0107,GROUP_043,Send it soon,low,0.5434,0.4,pending,,2026-10-05 01:24:00,Assessed low: this subject is work the recipient must do.,no_deadline category_action_required
MSG_0394,TASK_0108,GROUP_011,Email the signed document,low,0.5712,-5.1,completed,2026-09-06,2026-10-05 01:24:00,Assessed low: the subject was chased after it was reported closed; the recorded messages disagree about this subject's state. MSG_0933 reports this complete.,status_completed status_contested chased_after_closure
MSG_0396,TASK_0109,GROUP_020,Complete the Python exercise,low,0.5046,-5.7,cancelled,2026-10-01,2026-10-05 01:24:00,Assessed low: the recorded messages disagree about this subject's state. MSG_0938 cancels this.,status_cancelled status_contested
MSG_0398,TASK_0110,GROUP_014,Complete the onboarding form,critical,0.82,5.5,pending,2026-09-06,2026-10-05 01:24:00,Assessed critical: the deadline of 2026-09-06 (MSG_0624) passed 29 day(s) before the most recent message; the subject has been chased 6 times; the most recent traffic about this subject is an unanswered question.,deadline_overdue chased_repeatedly response_required category_action_required
MSG_0401,TASK_0111,GROUP_041,Back up the project files,critical,0.8892,5.9,pending,2026-09-27,2026-10-05 01:24:00,Assessed critical: the deadline of 2026-09-27 (MSG_0989) passed 8 day(s) before the most recent message; at least one message about this subject uses explicit urgency wording; the most recent traffic about this subject is an unanswered question. MSG_0989 pushed the deadline from 2026-09-08 back to 2026-09-27.,deadline_overdue deadline_moved_later explicit_urgency chased_once response_required category_action_required
MSG_0405,EVENT_0075,GROUP_023,Doctor appointment,medium,0.7509,1.65,rescheduled,,2026-10-05 01:24:00,Assessed medium: the event of 2026-10-08 (MSG_0960) is 3 days away; this subject is a meeting or event.,deadline_within_3_days category_meeting_event
MSG_0407,TASK_0112,GROUP_032,Send the revised presentation,low,0.5657,-5.1,cancelled,2026-09-29,2026-10-05 01:24:00,Assessed low: the subject was chased after it was reported closed; the recorded messages disagree about this subject's state. MSG_0934 cancels this.,status_cancelled status_contested chased_after_closure
MSG_0410,TASK_0113,GROUP_025,Call Maya when you are free,low,0.5434,0.4,pending,,2026-10-05 01:24:00,Assessed low: this subject is work the recipient must do.,no_deadline category_action_required
MSG_0412,TASK_0114,GROUP_012,Update the project tracker,low,0.5664,-5.1,cancelled,2026-10-06,2026-10-05 01:24:00,Assessed low: the subject was chased after it was reported closed; the recorded messages disagree about this subject's state. MSG_0942 cancels this.,status_cancelled status_contested chased_after_closure
MSG_0413,EVENT_0076,GROUP_033,Technical interview,high,0.7509,3.45,rescheduled,,2026-10-05 01:24:00,Assessed high: the event of 2026-10-04 (MSG_0968) passed 1 day(s) before the most recent message; this subject is a meeting or event.,deadline_overdue category_meeting_event
MSG_0414,EVENT_0077,GROUP_042,Design review,low,0.5434,0.25,pending,,2026-10-05 01:24:00,Assessed low: this subject is a meeting or event.,no_deadline category_meeting_event
MSG_0417,TASK_0115,GROUP_036,Verify the dataset labels,low,0.5046,-5.7,cancelled,2026-09-28,2026-10-05 01:24:00,Assessed low: the recorded messages disagree about this subject's state. MSG_0948 cancels this.,status_cancelled status_contested
MSG_0418,TASK_0116,GROUP_004,Reply to the client email,critical,0.82,5.5,pending,2026-09-10,2026-10-05 01:24:00,Assessed critical: the deadline of 2026-09-10 (MSG_0853) passed 25 day(s) before the most recent message; the subject has been chased 6 times; the most recent traffic about this subject is an unanswered question.,deadline_overdue chased_repeatedly response_required category_action_required
MSG_0420,TASK_0117,GROUP_014,Complete the onboarding form,critical,0.82,5.5,pending,2026-09-06,2026-10-05 01:24:00,Assessed critical: the deadline of 2026-09-06 (MSG_0624) passed 29 day(s) before the most recent message; the subject has been chased 6 times; the most recent traffic about this subject is an unanswered question.,deadline_overdue chased_repeatedly response_required category_action_required
MSG_0422,TASK_0118,GROUP_020,Complete the Python exercise,low,0.5046,-5.7,cancelled,2026-10-01,2026-10-05 01:24:00,Assessed low: the recorded messages disagree about this subject's state. MSG_0938 cancels this.,status_cancelled status_contested
MSG_0423,EVENT_0078,GROUP_022,Product demo,high,0.7509,3.45,rescheduled,,2026-10-05 01:24:00,Assessed high: the event of 2026-10-01 (MSG_0965) passed 4 day(s) before the most recent message; this subject is a meeting or event.,deadline_overdue category_meeting_event
MSG_0424,EVENT_0079,GROUP_031,Sprint planning,high,0.7509,3.45,rescheduled,,2026-10-05 01:24:00,Assessed high: the event of 2026-10-03 (MSG_0967) passed 2 day(s) before the most recent message; this subject is a meeting or event.,deadline_overdue category_meeting_event
MSG_0425,TASK_0119,GROUP_008,Review the model results,low,0.5659,-5.1,completed,2026-09-30,2026-10-05 01:24:00,Assessed low: the subject was chased after it was reported closed; the recorded messages disagree about this subject's state. MSG_0935 reports this complete.,status_completed status_contested chased_after_closure
MSG_0427,EVENT_0080,GROUP_027,Project review,high,0.7509,3.45,rescheduled,,2026-10-05 01:24:00,Assessed high: the event of 2026-09-29 (MSG_0963) passed 6 day(s) before the most recent message; this subject is a meeting or event.,deadline_overdue category_meeting_event
MSG_0428,TASK_0120,GROUP_017,Demo was ready,low,0.5434,0.4,pending,,2026-10-05 01:24:00,Assessed low: this subject is work the recipient must do.,no_deadline category_action_required
MSG_0430,EVENT_0081,GROUP_006,Internship orientation,medium,0.7509,1.65,rescheduled,,2026-10-05 01:24:00,Assessed medium: the event of 2026-10-07 (DEMO_009) is 2 days away; this subject is a meeting or event.,deadline_within_3_days category_meeting_event
MSG_0435,EVENT_0082,GROUP_001,Family dinner,medium,0.7509,2.25,rescheduled,,2026-10-05 01:24:00,Assessed medium: the event of 2026-10-06 (MSG_0958) is one day after the most recent message; this subject is a meeting or event.,deadline_tomorrow category_meeting_event
MSG_0438,TASK_0121,GROUP_025,Call Maya when you are free,low,0.5434,0.4,pending,,2026-10-05 01:24:00,Assessed low: this subject is work the recipient must do.,no_deadline category_action_required
MSG_0439,TASK_0122,GROUP_017,Demo was ready,low,0.5434,0.4,pending,,2026-10-05 01:24:00,Assessed low: this subject is work the recipient must do.,no_deadline category_action_required
MSG_0444,EVENT_0083,,Meeting,low,0.451,0.25,,,2026-10-05 01:24:00,Assessed low: this subject is a meeting or event.,no_deadline category_meeting_event
MSG_0445,EVENT_0084,GROUP_033,Technical interview,high,0.7509,3.45,rescheduled,,2026-10-05 01:24:00,Assessed high: the event of 2026-10-04 (MSG_0968) passed 1 day(s) before the most recent message; this subject is a meeting or event.,deadline_overdue category_meeting_event
MSG_0449,EVENT_0085,GROUP_026,AI workshop,high,0.7509,3.45,rescheduled,,2026-10-05 01:24:00,Assessed high: the event of 2026-09-30 (MSG_0964) passed 5 day(s) before the most recent message; this subject is a meeting or event.,deadline_overdue category_meeting_event
MSG_0450,EVENT_0086,GROUP_044,College seminar,low,0.5434,0.25,pending,,2026-10-05 01:24:00,Assessed low: this subject is a meeting or event.,no_deadline category_meeting_event
MSG_0451,TASK_0123,GROUP_004,Reply to the client email,critical,0.82,5.5,pending,2026-09-10,2026-10-05 01:24:00,Assessed critical: the deadline of 2026-09-10 (MSG_0853) passed 25 day(s) before the most recent message; the subject has been chased 6 times; the most recent traffic about this subject is an unanswered question.,deadline_overdue chased_repeatedly response_required category_action_required
MSG_0455,TASK_0124,GROUP_036,Verify the dataset labels,low,0.5046,-5.7,cancelled,2026-09-28,2026-10-05 01:24:00,Assessed low: the recorded messages disagree about this subject's state. MSG_0948 cancels this.,status_cancelled status_contested
MSG_0456,EVENT_0087,GROUP_019,Client discussion,low,0.7509,0.95,rescheduled,,2026-10-05 01:24:00,Assessed low: the event of 2026-10-09 (MSG_0961) is 4 days away; this subject is a meeting or event.,deadline_within_7_days category_meeting_event
MSG_0457,TASK_0125,GROUP_018,Review the file before the meeting,low,0.5434,0.4,pending,,2026-10-05 01:24:00,Assessed low: this subject is work the recipient must do.,no_deadline category_action_required
MSG_0458,EVENT_0088,GROUP_009,Team stand-up,low,0.6817,-6.0,cancelled,,2026-10-05 01:24:00,Assessed low: DEMO_008 cancels this.,status_cancelled
MSG_0460,TASK_0126,,I will send the login details separately,low,0.451,0.4,,,2026-10-05 01:24:00,Assessed low: this subject is work the recipient must do.,no_deadline category_action_required
MSG_0462,EVENT_0089,GROUP_045,Review,low,0.5952,0.05,pending,,2026-10-05 01:24:00,"Assessed low: this subject is a meeting or event. the only statements made about this subject are hedged (""could be""), so no firm status can be asserted.",status_unclear no_deadline category_meeting_event
MSG_0464,TASK_0127,GROUP_017,Demo was ready,low,0.5434,0.4,pending,,2026-10-05 01:24:00,Assessed low: this subject is work the recipient must do.,no_deadline category_action_required
MSG_0465,EVENT_0090,GROUP_023,Doctor appointment,medium,0.7509,1.65,rescheduled,,2026-10-05 01:24:00,Assessed medium: the event of 2026-10-08 (MSG_0960) is 3 days away; this subject is a meeting or event.,deadline_within_3_days category_meeting_event
MSG_0467,TASK_0128,GROUP_008,Review the model results,low,0.5659,-5.1,completed,2026-09-30,2026-10-05 01:24:00,Assessed low: the subject was chased after it was reported closed; the recorded messages disagree about this subject's state. MSG_0935 reports this complete.,status_completed status_contested chased_after_closure
MSG_0468,TASK_0129,GROUP_028,Finish the test cases,low,0.5664,-5.1,completed,2026-09-27,2026-10-05 01:24:00,Assessed low: the subject was chased after it was reported closed; the recorded messages disagree about this subject's state. MSG_0931 reports this complete.,status_completed status_contested chased_after_closure
MSG_0469,TASK_0130,GROUP_017,Demo was ready,low,0.5434,0.4,pending,,2026-10-05 01:24:00,Assessed low: this subject is work the recipient must do.,no_deadline category_action_required
MSG_0473,TASK_0131,GROUP_035,Send the expense receipt,low,0.5046,-5.7,cancelled,2026-10-01,2026-10-05 01:24:00,Assessed low: the recorded messages disagree about this subject's state. MSG_0940 cancels this.,status_cancelled status_contested
MSG_0479,EVENT_0091,GROUP_001,Family dinner,medium,0.7509,2.25,rescheduled,,2026-10-05 01:24:00,Assessed medium: the event of 2026-10-06 (MSG_0958) is one day after the most recent message; this subject is a meeting or event.,deadline_tomorrow category_meeting_event
MSG_0480,TASK_0132,GROUP_010,Confirm the interview slot,critical,0.8299,9.3,pending,2026-10-02,2026-10-05 01:24:00,"Assessed critical: the deadline of 2026-10-02 (MSG_0976) passed 3 day(s) before the most recent message; DEMO_001 states the deadline as ""tomorrow at 10:00""; it was not resolved to a date, so the proximity is taken from the wording; at least one message about this subject uses explicit urgency wording. MSG_0976 pushed the deadline from 2026-09-28 back to 2026-10-02.",deadline_relative_imminent deadline_overdue deadline_moved_later deadline_conflict explicit_urgency chased_repeatedly response_required category_action_required
MSG_0481,TASK_0133,GROUP_002,Review the privacy checklist,critical,0.82,5.1,pending,2026-09-30,2026-10-05 01:24:00,Assessed critical: the deadline of 2026-09-30 (MSG_0980) passed 5 day(s) before the most recent message; the subject has been chased 3 times; the most recent traffic about this subject is an unanswered question. MSG_0980 pushed the deadline from 2026-09-03 back to 2026-09-30.,deadline_overdue deadline_moved_later chased_repeatedly response_required category_action_required
MSG_0483,TASK_0134,GROUP_036,Verify the dataset labels,low,0.5046,-5.7,cancelled,2026-09-28,2026-10-05 01:24:00,Assessed low: the recorded messages disagree about this subject's state. MSG_0948 cancels this.,status_cancelled status_contested
MSG_0484,EVENT_0092,GROUP_009,Team stand-up,low,0.6817,-6.0,cancelled,,2026-10-05 01:24:00,Assessed low: DEMO_008 cancels this.,status_cancelled
MSG_0485,TASK_0135,GROUP_035,Send the expense receipt,low,0.5046,-5.7,cancelled,2026-10-01,2026-10-05 01:24:00,Assessed low: the recorded messages disagree about this subject's state. MSG_0940 cancels this.,status_cancelled status_contested
MSG_0486,TASK_0136,GROUP_043,Send it soon,low,0.5434,0.4,pending,,2026-10-05 01:24:00,Assessed low: this subject is work the recipient must do.,no_deadline category_action_required
MSG_0487,TASK_0137,GROUP_002,Review the privacy checklist,critical,0.82,5.1,pending,2026-09-30,2026-10-05 01:24:00,Assessed critical: the deadline of 2026-09-30 (MSG_0980) passed 5 day(s) before the most recent message; the subject has been chased 3 times; the most recent traffic about this subject is an unanswered question. MSG_0980 pushed the deadline from 2026-09-03 back to 2026-09-30.,deadline_overdue deadline_moved_later chased_repeatedly response_required category_action_required
MSG_0488,EVENT_0093,GROUP_003,Mentor catch-up,medium,0.7509,2.65,rescheduled,,2026-10-05 01:24:00,Assessed medium: the event of 2026-10-05 (MSG_0969) is the day of the most recent message; this subject is a meeting or event.,deadline_today category_meeting_event
MSG_0492,TASK_0138,GROUP_043,Send it soon,low,0.5434,0.4,pending,,2026-10-05 01:24:00,Assessed low: this subject is work the recipient must do.,no_deadline category_action_required
MSG_0493,EVENT_0094,GROUP_046,Review,low,0.5952,0.05,pending,,2026-10-05 01:24:00,"Assessed low: this subject is a meeting or event. the only statements made about this subject are hedged (""could be""), so no firm status can be asserted.",status_unclear no_deadline category_meeting_event
MSG_0495,TASK_0139,GROUP_025,Call Maya when you are free,low,0.5434,0.4,pending,,2026-10-05 01:24:00,Assessed low: this subject is work the recipient must do.,no_deadline category_action_required
MSG_0498,TASK_0140,GROUP_013,Upload the assignment,low,0.8117,1.4,pending,2026-10-20,2026-10-05 01:24:00,Assessed low: the subject has been chased 5 times; the most recent traffic about this subject is an unanswered question; this subject is work the recipient must do. the deadline of 2026-10-20 (DEMO_020) is 15 days away; DEMO_020 pushed the deadline from 2026-09-05 back to 2026-10-20.,deadline_beyond_7_days deadline_moved_later chased_repeatedly response_required category_action_required
MSG_0502,EVENT_0095,,Meeting,low,0.451,0.25,,,2026-10-05 01:24:00,Assessed low: this subject is a meeting or event.,no_deadline category_meeting_event
MSG_0503,TASK_0141,GROUP_021,Call the service centre,low,0.5664,-5.1,completed,2026-10-02,2026-10-05 01:24:00,Assessed low: the subject was chased after it was reported closed; the recorded messages disagree about this subject's state. MSG_0939 reports this complete.,status_completed status_contested chased_after_closure
MSG_0505,TASK_0142,GROUP_043,Send it soon,low,0.5434,0.4,pending,,2026-10-05 01:24:00,Assessed low: this subject is work the recipient must do.,no_deadline category_action_required
MSG_0508,EVENT_0096,GROUP_015,Study-group session,high,0.7509,3.45,rescheduled,,2026-10-05 01:24:00,Assessed high: the event of 2026-10-04 (MSG_0956) passed 1 day(s) before the most recent message; this subject is a meeting or event.,deadline_overdue category_meeting_event
MSG_0511,EVENT_0097,GROUP_023,Doctor appointment,medium,0.7509,1.65,rescheduled,,2026-10-05 01:24:00,Assessed medium: the event of 2026-10-08 (MSG_0960) is 3 days away; this subject is a meeting or event.,deadline_within_3_days category_meeting_event
MSG_0512,TASK_0143,GROUP_032,Send the revised presentation,low,0.5657,-5.1,cancelled,2026-09-29,2026-10-05 01:24:00,Assessed low: the subject was chased after it was reported closed; the recorded messages disagree about this subject's state. MSG_0934 cancels this.,status_cancelled status_contested chased_after_closure
MSG_0513,TASK_0144,GROUP_034,Prepare the demo video,low,0.5046,-5.7,completed,2026-09-27,2026-10-05 01:24:00,Assessed low: the recorded messages disagree about this subject's state. MSG_0937 reports this complete.,status_completed status_contested
MSG_0515,TASK_0145,GROUP_007,Renew the library book,critical,0.8892,8.5,pending,2026-09-30,2026-10-05 01:24:00,Assessed critical: the deadline of 2026-09-30 (MSG_0986) passed 5 day(s) before the most recent message; at least one message about this subject uses explicit urgency wording; the subject has been chased 5 times.,deadline_overdue deadline_moved_earlier deadline_conflict explicit_urgency chased_repeatedly response_required category_action_required
MSG_0517,TASK_0146,GROUP_036,Verify the dataset labels,low,0.5046,-5.7,cancelled,2026-09-28,2026-10-05 01:24:00,Assessed low: the recorded messages disagree about this subject's state. MSG_0948 cancels this.,status_cancelled status_contested
MSG_0519,EVENT_0098,GROUP_044,College seminar,low,0.5434,0.25,pending,,2026-10-05 01:24:00,Assessed low: this subject is a meeting or event.,no_deadline category_meeting_event
MSG_0524,TASK_0147,GROUP_018,Review the file before the meeting,low,0.5434,0.4,pending,,2026-10-05 01:24:00,Assessed low: this subject is work the recipient must do.,no_deadline category_action_required
MSG_0526,EVENT_0099,,Meeting,low,0.451,0.25,,,2026-10-05 01:24:00,Assessed low: this subject is a meeting or event.,no_deadline category_meeting_event
MSG_0527,TASK_0148,GROUP_010,Confirm the interview slot,critical,0.8299,9.3,pending,2026-10-02,2026-10-05 01:24:00,"Assessed critical: the deadline of 2026-10-02 (MSG_0976) passed 3 day(s) before the most recent message; DEMO_001 states the deadline as ""tomorrow at 10:00""; it was not resolved to a date, so the proximity is taken from the wording; at least one message about this subject uses explicit urgency wording. MSG_0976 pushed the deadline from 2026-09-28 back to 2026-10-02.",deadline_relative_imminent deadline_overdue deadline_moved_later deadline_conflict explicit_urgency chased_repeatedly response_required category_action_required
MSG_0530,TASK_0149,GROUP_037,Submit the weekly report,low,0.4796,-5.7,completed,2026-09-28,2026-10-05 01:24:00,Assessed low: the recorded messages disagree about this subject's state. MSG_0949 reports this complete.,status_completed status_contested
MSG_0531,TASK_0150,GROUP_035,Send the expense receipt,low,0.5046,-5.7,cancelled,2026-10-01,2026-10-05 01:24:00,Assessed low: the recorded messages disagree about this subject's state. MSG_0940 cancels this.,status_cancelled status_contested
MSG_0533,TASK_0151,,I will send the login details separately,low,0.451,0.4,,,2026-10-05 01:24:00,Assessed low: this subject is work the recipient must do.,no_deadline category_action_required
MSG_0536,TASK_0152,GROUP_005,Pay the electricity bill,high,0.82,4.1,pending,2026-09-28,2026-10-05 01:24:00,Assessed high: the deadline of 2026-09-28 (MSG_0990) passed 7 day(s) before the most recent message; the most recent traffic about this subject is an unanswered question; the subject has been chased 2 time(s). MSG_0990 pushed the deadline from 2026-09-07 back to 2026-09-28.,deadline_overdue deadline_moved_later chased_once response_required category_action_required
MSG_0537,TASK_0153,GROUP_008,Review the model results,low,0.5659,-5.1,completed,2026-09-30,2026-10-05 01:24:00,Assessed low: the subject was chased after it was reported closed; the recorded messages disagree about this subject's state. MSG_0935 reports this complete.,status_completed status_contested chased_after_closure
MSG_0546,TASK_0154,GROUP_014,Complete the onboarding form,critical,0.82,5.5,pending,2026-09-06,2026-10-05 01:24:00,Assessed critical: the deadline of 2026-09-06 (MSG_0624) passed 29 day(s) before the most recent message; the subject has been chased 6 times; the most recent traffic about this subject is an unanswered question.,deadline_overdue chased_repeatedly response_required category_action_required
MSG_0547,TASK_0155,GROUP_037,Submit the weekly report,low,0.4796,-5.7,completed,2026-09-28,2026-10-05 01:24:00,Assessed low: the recorded messages disagree about this subject's state. MSG_0949 reports this complete.,status_completed status_contested
MSG_0549,EVENT_0100,GROUP_015,Study-group session,high,0.7509,3.45,rescheduled,,2026-10-05 01:24:00,Assessed high: the event of 2026-10-04 (MSG_0956) passed 1 day(s) before the most recent message; this subject is a meeting or event.,deadline_overdue category_meeting_event
MSG_0551,TASK_0156,GROUP_014,Complete the onboarding form,critical,0.82,5.5,pending,2026-09-06,2026-10-05 01:24:00,Assessed critical: the deadline of 2026-09-06 (MSG_0624) passed 29 day(s) before the most recent message; the subject has been chased 6 times; the most recent traffic about this subject is an unanswered question.,deadline_overdue chased_repeatedly response_required category_action_required
MSG_0552,TASK_0157,GROUP_037,Submit the weekly report,low,0.4796,-5.7,completed,2026-09-28,2026-10-05 01:24:00,Assessed low: the recorded messages disagree about this subject's state. MSG_0949 reports this complete.,status_completed status_contested
MSG_0553,TASK_0158,GROUP_007,Renew the library book,critical,0.8892,8.5,pending,2026-09-30,2026-10-05 01:24:00,Assessed critical: the deadline of 2026-09-30 (MSG_0986) passed 5 day(s) before the most recent message; at least one message about this subject uses explicit urgency wording; the subject has been chased 5 times.,deadline_overdue deadline_moved_earlier deadline_conflict explicit_urgency chased_repeatedly response_required category_action_required
MSG_0554,TASK_0159,GROUP_013,Upload the assignment,low,0.8117,1.4,pending,2026-10-20,2026-10-05 01:24:00,Assessed low: the subject has been chased 5 times; the most recent traffic about this subject is an unanswered question; this subject is work the recipient must do. the deadline of 2026-10-20 (DEMO_020) is 15 days away; DEMO_020 pushed the deadline from 2026-09-05 back to 2026-10-20.,deadline_beyond_7_days deadline_moved_later chased_repeatedly response_required category_action_required
MSG_0556,TASK_0160,GROUP_038,Share the meeting notes,critical,0.8892,5.9,pending,2026-09-27,2026-10-05 01:24:00,Assessed critical: the deadline of 2026-09-27 (MSG_0971) passed 8 day(s) before the most recent message; at least one message about this subject uses explicit urgency wording; the most recent traffic about this subject is an unanswered question. MSG_0971 pushed the deadline from 2026-09-02 back to 2026-09-27.,deadline_overdue deadline_moved_later explicit_urgency chased_once response_required category_action_required
MSG_0557,TASK_0161,GROUP_010,Confirm the interview slot,critical,0.8299,9.3,pending,2026-10-02,2026-10-05 01:24:00,"Assessed critical: the deadline of 2026-10-02 (MSG_0976) passed 3 day(s) before the most recent message; DEMO_001 states the deadline as ""tomorrow at 10:00""; it was not resolved to a date, so the proximity is taken from the wording; at least one message about this subject uses explicit urgency wording. MSG_0976 pushed the deadline from 2026-09-28 back to 2026-10-02.",deadline_relative_imminent deadline_overdue deadline_moved_later deadline_conflict explicit_urgency chased_repeatedly response_required category_action_required
MSG_0559,TASK_0162,GROUP_018,Review the file before the meeting,low,0.5434,0.4,pending,,2026-10-05 01:24:00,Assessed low: this subject is work the recipient must do.,no_deadline category_action_required
MSG_0561,TASK_0163,GROUP_034,Prepare the demo video,low,0.5046,-5.7,completed,2026-09-27,2026-10-05 01:24:00,Assessed low: the recorded messages disagree about this subject's state. MSG_0937 reports this complete.,status_completed status_contested
MSG_0565,EVENT_0101,GROUP_042,Design review,low,0.5434,0.25,pending,,2026-10-05 01:24:00,Assessed low: this subject is a meeting or event.,no_deadline category_meeting_event
MSG_0566,TASK_0164,GROUP_038,Share the meeting notes,critical,0.8892,5.9,pending,2026-09-27,2026-10-05 01:24:00,Assessed critical: the deadline of 2026-09-27 (MSG_0971) passed 8 day(s) before the most recent message; at least one message about this subject uses explicit urgency wording; the most recent traffic about this subject is an unanswered question. MSG_0971 pushed the deadline from 2026-09-02 back to 2026-09-27.,deadline_overdue deadline_moved_later explicit_urgency chased_once response_required category_action_required
MSG_0569,TASK_0165,GROUP_002,Review the privacy checklist,critical,0.82,5.1,pending,2026-09-30,2026-10-05 01:24:00,Assessed critical: the deadline of 2026-09-30 (MSG_0980) passed 5 day(s) before the most recent message; the subject has been chased 3 times; the most recent traffic about this subject is an unanswered question. MSG_0980 pushed the deadline from 2026-09-03 back to 2026-09-30.,deadline_overdue deadline_moved_later chased_repeatedly response_required category_action_required
MSG_0570,TASK_0166,,I will send the login details separately,low,0.451,0.4,,,2026-10-05 01:24:00,Assessed low: this subject is work the recipient must do.,no_deadline category_action_required
MSG_0574,TASK_0167,GROUP_028,Finish the test cases,low,0.5664,-5.1,completed,2026-09-27,2026-10-05 01:24:00,Assessed low: the subject was chased after it was reported closed; the recorded messages disagree about this subject's state. MSG_0931 reports this complete.,status_completed status_contested chased_after_closure
MSG_0577,TASK_0168,GROUP_020,Complete the Python exercise,low,0.5046,-5.7,cancelled,2026-10-01,2026-10-05 01:24:00,Assessed low: the recorded messages disagree about this subject's state. MSG_0938 cancels this.,status_cancelled status_contested
MSG_0578,TASK_0169,GROUP_002,Review the privacy checklist,critical,0.82,5.1,pending,2026-09-30,2026-10-05 01:24:00,Assessed critical: the deadline of 2026-09-30 (MSG_0980) passed 5 day(s) before the most recent message; the subject has been chased 3 times; the most recent traffic about this subject is an unanswered question. MSG_0980 pushed the deadline from 2026-09-03 back to 2026-09-30.,deadline_overdue deadline_moved_later chased_repeatedly response_required category_action_required
MSG_0579,EVENT_0102,GROUP_033,Technical interview,high,0.7509,3.45,rescheduled,,2026-10-05 01:24:00,Assessed high: the event of 2026-10-04 (MSG_0968) passed 1 day(s) before the most recent message; this subject is a meeting or event.,deadline_overdue category_meeting_event
MSG_0580,TASK_0170,GROUP_018,Review the file before the meeting,low,0.5434,0.4,pending,,2026-10-05 01:24:00,Assessed low: this subject is work the recipient must do.,no_deadline category_action_required
MSG_0584,EVENT_0103,GROUP_009,Team stand-up,low,0.6817,-6.0,cancelled,,2026-10-05 01:24:00,Assessed low: DEMO_008 cancels this.,status_cancelled
MSG_0585,TASK_0171,GROUP_014,Complete the onboarding form,critical,0.82,5.5,pending,2026-09-06,2026-10-05 01:24:00,Assessed critical: the deadline of 2026-09-06 (MSG_0624) passed 29 day(s) before the most recent message; the subject has been chased 6 times; the most recent traffic about this subject is an unanswered question.,deadline_overdue chased_repeatedly response_required category_action_required
MSG_0588,EVENT_0104,GROUP_019,Client discussion,low,0.7509,0.95,rescheduled,,2026-10-05 01:24:00,Assessed low: the event of 2026-10-09 (MSG_0961) is 4 days away; this subject is a meeting or event.,deadline_within_7_days category_meeting_event
MSG_0590,EVENT_0105,GROUP_029,Placement briefing,medium,0.7509,2.25,rescheduled,,2026-10-05 01:24:00,Assessed medium: the event of 2026-10-06 (MSG_0970) is one day after the most recent message; this subject is a meeting or event.,deadline_tomorrow category_meeting_event
MSG_0592,EVENT_0106,GROUP_023,Doctor appointment,medium,0.7509,1.65,rescheduled,,2026-10-05 01:24:00,Assessed medium: the event of 2026-10-08 (MSG_0960) is 3 days away; this subject is a meeting or event.,deadline_within_3_days category_meeting_event
MSG_0600,EVENT_0107,GROUP_044,College seminar,low,0.5434,0.25,pending,,2026-10-05 01:24:00,Assessed low: this subject is a meeting or event.,no_deadline category_meeting_event
MSG_0601,EVENT_0108,GROUP_023,Doctor appointment,medium,0.7509,1.65,rescheduled,,2026-10-05 01:24:00,Assessed medium: the event of 2026-10-08 (MSG_0960) is 3 days away; this subject is a meeting or event.,deadline_within_3_days category_meeting_event
MSG_0602,TASK_0172,GROUP_028,Finish the test cases,low,0.5664,-5.1,completed,2026-09-27,2026-10-05 01:24:00,Assessed low: the subject was chased after it was reported closed; the recorded messages disagree about this subject's state. MSG_0931 reports this complete.,status_completed status_contested chased_after_closure
MSG_0603,EVENT_0109,GROUP_001,Family dinner,medium,0.7509,2.25,rescheduled,,2026-10-05 01:24:00,Assessed medium: the event of 2026-10-06 (MSG_0958) is one day after the most recent message; this subject is a meeting or event.,deadline_tomorrow category_meeting_event
MSG_0605,TASK_0173,GROUP_011,Email the signed document,low,0.5712,-5.1,completed,2026-09-06,2026-10-05 01:24:00,Assessed low: the subject was chased after it was reported closed; the recorded messages disagree about this subject's state. MSG_0933 reports this complete.,status_completed status_contested chased_after_closure
MSG_0606,EVENT_0110,GROUP_022,Product demo,high,0.7509,3.45,rescheduled,,2026-10-05 01:24:00,Assessed high: the event of 2026-10-01 (MSG_0965) passed 4 day(s) before the most recent message; this subject is a meeting or event.,deadline_overdue category_meeting_event
MSG_0607,TASK_0174,GROUP_036,Verify the dataset labels,low,0.5046,-5.7,cancelled,2026-09-28,2026-10-05 01:24:00,Assessed low: the recorded messages disagree about this subject's state. MSG_0948 cancels this.,status_cancelled status_contested
MSG_0612,TASK_0175,GROUP_036,Verify the dataset labels,low,0.5046,-5.7,cancelled,2026-09-28,2026-10-05 01:24:00,Assessed low: the recorded messages disagree about this subject's state. MSG_0948 cancels this.,status_cancelled status_contested
MSG_0614,TASK_0176,GROUP_005,Pay the electricity bill,high,0.82,4.1,pending,2026-09-28,2026-10-05 01:24:00,Assessed high: the deadline of 2026-09-28 (MSG_0990) passed 7 day(s) before the most recent message; the most recent traffic about this subject is an unanswered question; the subject has been chased 2 time(s). MSG_0990 pushed the deadline from 2026-09-07 back to 2026-09-28.,deadline_overdue deadline_moved_later chased_once response_required category_action_required
MSG_0615,TASK_0177,GROUP_041,Back up the project files,critical,0.8892,5.9,pending,2026-09-27,2026-10-05 01:24:00,Assessed critical: the deadline of 2026-09-27 (MSG_0989) passed 8 day(s) before the most recent message; at least one message about this subject uses explicit urgency wording; the most recent traffic about this subject is an unanswered question. MSG_0989 pushed the deadline from 2026-09-08 back to 2026-09-27.,deadline_overdue deadline_moved_later explicit_urgency chased_once response_required category_action_required
MSG_0616,EVENT_0111,GROUP_042,Design review,low,0.5434,0.25,pending,,2026-10-05 01:24:00,Assessed low: this subject is a meeting or event.,no_deadline category_meeting_event
MSG_0617,TASK_0178,GROUP_010,Confirm the interview slot,critical,0.8299,9.3,pending,2026-10-02,2026-10-05 01:24:00,"Assessed critical: the deadline of 2026-10-02 (MSG_0976) passed 3 day(s) before the most recent message; DEMO_001 states the deadline as ""tomorrow at 10:00""; it was not resolved to a date, so the proximity is taken from the wording; at least one message about this subject uses explicit urgency wording. MSG_0976 pushed the deadline from 2026-09-28 back to 2026-10-02.",deadline_relative_imminent deadline_overdue deadline_moved_later deadline_conflict explicit_urgency chased_repeatedly response_required category_action_required
MSG_0618,TASK_0179,GROUP_028,Finish the test cases,low,0.5664,-5.1,completed,2026-09-27,2026-10-05 01:24:00,Assessed low: the subject was chased after it was reported closed; the recorded messages disagree about this subject's state. MSG_0931 reports this complete.,status_completed status_contested chased_after_closure
MSG_0619,EVENT_0112,GROUP_022,Product demo,high,0.7509,3.45,rescheduled,,2026-10-05 01:24:00,Assessed high: the event of 2026-10-01 (MSG_0965) passed 4 day(s) before the most recent message; this subject is a meeting or event.,deadline_overdue category_meeting_event
MSG_0620,TASK_0180,GROUP_005,Pay the electricity bill,high,0.82,4.1,pending,2026-09-28,2026-10-05 01:24:00,Assessed high: the deadline of 2026-09-28 (MSG_0990) passed 7 day(s) before the most recent message; the most recent traffic about this subject is an unanswered question; the subject has been chased 2 time(s). MSG_0990 pushed the deadline from 2026-09-07 back to 2026-09-28.,deadline_overdue deadline_moved_later chased_once response_required category_action_required
MSG_0621,TASK_0181,GROUP_002,Review the privacy checklist,critical,0.82,5.1,pending,2026-09-30,2026-10-05 01:24:00,Assessed critical: the deadline of 2026-09-30 (MSG_0980) passed 5 day(s) before the most recent message; the subject has been chased 3 times; the most recent traffic about this subject is an unanswered question. MSG_0980 pushed the deadline from 2026-09-03 back to 2026-09-30.,deadline_overdue deadline_moved_later chased_repeatedly response_required category_action_required
MSG_0622,TASK_0182,GROUP_012,Update the project tracker,low,0.5664,-5.1,cancelled,2026-10-06,2026-10-05 01:24:00,Assessed low: the subject was chased after it was reported closed; the recorded messages disagree about this subject's state. MSG_0942 cancels this.,status_cancelled status_contested chased_after_closure
MSG_0623,EVENT_0113,GROUP_015,Study-group session,high,0.7509,3.45,rescheduled,,2026-10-05 01:24:00,Assessed high: the event of 2026-10-04 (MSG_0956) passed 1 day(s) before the most recent message; this subject is a meeting or event.,deadline_overdue category_meeting_event
MSG_0624,TASK_0183,GROUP_014,Complete the onboarding form,critical,0.82,5.5,pending,2026-09-06,2026-10-05 01:24:00,Assessed critical: the deadline of 2026-09-06 (MSG_0624) passed 29 day(s) before the most recent message; the subject has been chased 6 times; the most recent traffic about this subject is an unanswered question.,deadline_overdue chased_repeatedly response_required category_action_required
MSG_0628,EVENT_0114,GROUP_026,AI workshop,high,0.7509,3.45,rescheduled,,2026-10-05 01:24:00,Assessed high: the event of 2026-09-30 (MSG_0964) passed 5 day(s) before the most recent message; this subject is a meeting or event.,deadline_overdue category_meeting_event
MSG_0630,EVENT_0115,GROUP_033,Technical interview,high,0.7509,3.45,rescheduled,,2026-10-05 01:24:00,Assessed high: the event of 2026-10-04 (MSG_0968) passed 1 day(s) before the most recent message; this subject is a meeting or event.,deadline_overdue category_meeting_event
MSG_0631,EVENT_0116,GROUP_009,Team stand-up,low,0.6817,-6.0,cancelled,,2026-10-05 01:24:00,Assessed low: DEMO_008 cancels this.,status_cancelled
MSG_0633,TASK_0184,GROUP_013,Upload the assignment,low,0.8117,1.4,pending,2026-10-20,2026-10-05 01:24:00,Assessed low: the subject has been chased 5 times; the most recent traffic about this subject is an unanswered question; this subject is work the recipient must do. the deadline of 2026-10-20 (DEMO_020) is 15 days away; DEMO_020 pushed the deadline from 2026-09-05 back to 2026-10-20.,deadline_beyond_7_days deadline_moved_later chased_repeatedly response_required category_action_required
MSG_0634,TASK_0185,GROUP_025,Call Maya when you are free,low,0.5434,0.4,pending,,2026-10-05 01:24:00,Assessed low: this subject is work the recipient must do.,no_deadline category_action_required
MSG_0635,EVENT_0117,GROUP_047,Review,low,0.5952,0.05,pending,,2026-10-05 01:24:00,"Assessed low: this subject is a meeting or event. the only statements made about this subject are hedged (""could be""), so no firm status can be asserted.",status_unclear no_deadline category_meeting_event
MSG_0637,EVENT_0118,GROUP_023,Doctor appointment,medium,0.7509,1.65,rescheduled,,2026-10-05 01:24:00,Assessed medium: the event of 2026-10-08 (MSG_0960) is 3 days away; this subject is a meeting or event.,deadline_within_3_days category_meeting_event
MSG_0638,TASK_0186,GROUP_007,Renew the library book,critical,0.8892,8.5,pending,2026-09-30,2026-10-05 01:24:00,Assessed critical: the deadline of 2026-09-30 (MSG_0986) passed 5 day(s) before the most recent message; at least one message about this subject uses explicit urgency wording; the subject has been chased 5 times.,deadline_overdue deadline_moved_earlier deadline_conflict explicit_urgency chased_repeatedly response_required category_action_required
MSG_0639,TASK_0187,GROUP_037,Submit the weekly report,low,0.4796,-5.7,completed,2026-09-28,2026-10-05 01:24:00,Assessed low: the recorded messages disagree about this subject's state. MSG_0949 reports this complete.,status_completed status_contested
MSG_0640,TASK_0188,GROUP_013,Upload the assignment,low,0.8117,1.4,pending,2026-10-20,2026-10-05 01:24:00,Assessed low: the subject has been chased 5 times; the most recent traffic about this subject is an unanswered question; this subject is work the recipient must do. the deadline of 2026-10-20 (DEMO_020) is 15 days away; DEMO_020 pushed the deadline from 2026-09-05 back to 2026-10-20.,deadline_beyond_7_days deadline_moved_later chased_repeatedly response_required category_action_required
MSG_0643,EVENT_0119,GROUP_031,Sprint planning,high,0.7509,3.45,rescheduled,,2026-10-05 01:24:00,Assessed high: the event of 2026-10-03 (MSG_0967) passed 2 day(s) before the most recent message; this subject is a meeting or event.,deadline_overdue category_meeting_event
MSG_0645,EVENT_0120,GROUP_031,Sprint planning,high,0.7509,3.45,rescheduled,,2026-10-05 01:24:00,Assessed high: the event of 2026-10-03 (MSG_0967) passed 2 day(s) before the most recent message; this subject is a meeting or event.,deadline_overdue category_meeting_event
MSG_0646,EVENT_0121,GROUP_001,Family dinner,medium,0.7509,2.25,rescheduled,,2026-10-05 01:24:00,Assessed medium: the event of 2026-10-06 (MSG_0958) is one day after the most recent message; this subject is a meeting or event.,deadline_tomorrow category_meeting_event
MSG_0652,TASK_0189,GROUP_038,Share the meeting notes,critical,0.8892,5.9,pending,2026-09-27,2026-10-05 01:24:00,Assessed critical: the deadline of 2026-09-27 (MSG_0971) passed 8 day(s) before the most recent message; at least one message about this subject uses explicit urgency wording; the most recent traffic about this subject is an unanswered question. MSG_0971 pushed the deadline from 2026-09-02 back to 2026-09-27.,deadline_overdue deadline_moved_later explicit_urgency chased_once response_required category_action_required
MSG_0653,TASK_0190,GROUP_002,Review the privacy checklist,critical,0.82,5.1,pending,2026-09-30,2026-10-05 01:24:00,Assessed critical: the deadline of 2026-09-30 (MSG_0980) passed 5 day(s) before the most recent message; the subject has been chased 3 times; the most recent traffic about this subject is an unanswered question. MSG_0980 pushed the deadline from 2026-09-03 back to 2026-09-30.,deadline_overdue deadline_moved_later chased_repeatedly response_required category_action_required
MSG_0654,TASK_0191,GROUP_043,Send it soon,low,0.5434,0.4,pending,,2026-10-05 01:24:00,Assessed low: this subject is work the recipient must do.,no_deadline category_action_required
MSG_0656,TASK_0192,GROUP_012,Update the project tracker,low,0.5664,-5.1,cancelled,2026-10-06,2026-10-05 01:24:00,Assessed low: the subject was chased after it was reported closed; the recorded messages disagree about this subject's state. MSG_0942 cancels this.,status_cancelled status_contested chased_after_closure
MSG_0657,TASK_0193,GROUP_041,Back up the project files,critical,0.8892,5.9,pending,2026-09-27,2026-10-05 01:24:00,Assessed critical: the deadline of 2026-09-27 (MSG_0989) passed 8 day(s) before the most recent message; at least one message about this subject uses explicit urgency wording; the most recent traffic about this subject is an unanswered question. MSG_0989 pushed the deadline from 2026-09-08 back to 2026-09-27.,deadline_overdue deadline_moved_later explicit_urgency chased_once response_required category_action_required
MSG_0658,TASK_0194,GROUP_036,Verify the dataset labels,low,0.5046,-5.7,cancelled,2026-09-28,2026-10-05 01:24:00,Assessed low: the recorded messages disagree about this subject's state. MSG_0948 cancels this.,status_cancelled status_contested
MSG_0659,TASK_0195,GROUP_041,Back up the project files,critical,0.8892,5.9,pending,2026-09-27,2026-10-05 01:24:00,Assessed critical: the deadline of 2026-09-27 (MSG_0989) passed 8 day(s) before the most recent message; at least one message about this subject uses explicit urgency wording; the most recent traffic about this subject is an unanswered question. MSG_0989 pushed the deadline from 2026-09-08 back to 2026-09-27.,deadline_overdue deadline_moved_later explicit_urgency chased_once response_required category_action_required
MSG_0660,EVENT_0122,GROUP_006,Internship orientation,medium,0.7509,1.65,rescheduled,,2026-10-05 01:24:00,Assessed medium: the event of 2026-10-07 (DEMO_009) is 2 days away; this subject is a meeting or event.,deadline_within_3_days category_meeting_event
MSG_0662,TASK_0196,GROUP_032,Send the revised presentation,low,0.5657,-5.1,cancelled,2026-09-29,2026-10-05 01:24:00,Assessed low: the subject was chased after it was reported closed; the recorded messages disagree about this subject's state. MSG_0934 cancels this.,status_cancelled status_contested chased_after_closure
MSG_0664,EVENT_0123,GROUP_031,Sprint planning,high,0.7509,3.45,rescheduled,,2026-10-05 01:24:00,Assessed high: the event of 2026-10-03 (MSG_0967) passed 2 day(s) before the most recent message; this subject is a meeting or event.,deadline_overdue category_meeting_event
MSG_0667,TASK_0197,GROUP_005,Pay the electricity bill,high,0.82,4.1,pending,2026-09-28,2026-10-05 01:24:00,Assessed high: the deadline of 2026-09-28 (MSG_0990) passed 7 day(s) before the most recent message; the most recent traffic about this subject is an unanswered question; the subject has been chased 2 time(s). MSG_0990 pushed the deadline from 2026-09-07 back to 2026-09-28.,deadline_overdue deadline_moved_later chased_once response_required category_action_required
MSG_0668,EVENT_0124,GROUP_031,Sprint planning,high,0.7509,3.45,rescheduled,,2026-10-05 01:24:00,Assessed high: the event of 2026-10-03 (MSG_0967) passed 2 day(s) before the most recent message; this subject is a meeting or event.,deadline_overdue category_meeting_event
MSG_0670,TASK_0198,GROUP_013,Upload the assignment,low,0.8117,1.4,pending,2026-10-20,2026-10-05 01:24:00,Assessed low: the subject has been chased 5 times; the most recent traffic about this subject is an unanswered question; this subject is work the recipient must do. the deadline of 2026-10-20 (DEMO_020) is 15 days away; DEMO_020 pushed the deadline from 2026-09-05 back to 2026-10-20.,deadline_beyond_7_days deadline_moved_later chased_repeatedly response_required category_action_required
MSG_0673,EVENT_0125,GROUP_023,Doctor appointment,medium,0.7509,1.65,rescheduled,,2026-10-05 01:24:00,Assessed medium: the event of 2026-10-08 (MSG_0960) is 3 days away; this subject is a meeting or event.,deadline_within_3_days category_meeting_event
MSG_0674,EVENT_0126,GROUP_027,Project review,high,0.7509,3.45,rescheduled,,2026-10-05 01:24:00,Assessed high: the event of 2026-09-29 (MSG_0963) passed 6 day(s) before the most recent message; this subject is a meeting or event.,deadline_overdue category_meeting_event
MSG_0683,EVENT_0127,GROUP_006,Internship orientation,medium,0.7509,1.65,rescheduled,,2026-10-05 01:24:00,Assessed medium: the event of 2026-10-07 (DEMO_009) is 2 days away; this subject is a meeting or event.,deadline_within_3_days category_meeting_event
MSG_0688,TASK_0199,GROUP_013,Upload the assignment,low,0.8117,1.4,pending,2026-10-20,2026-10-05 01:24:00,Assessed low: the subject has been chased 5 times; the most recent traffic about this subject is an unanswered question; this subject is work the recipient must do. the deadline of 2026-10-20 (DEMO_020) is 15 days away; DEMO_020 pushed the deadline from 2026-09-05 back to 2026-10-20.,deadline_beyond_7_days deadline_moved_later chased_repeatedly response_required category_action_required
MSG_0690,TASK_0200,GROUP_034,Prepare the demo video,low,0.5046,-5.7,completed,2026-09-27,2026-10-05 01:24:00,Assessed low: the recorded messages disagree about this subject's state. MSG_0937 reports this complete.,status_completed status_contested
MSG_0692,TASK_0201,,I will send the login details separately,low,0.451,0.4,,,2026-10-05 01:24:00,Assessed low: this subject is work the recipient must do.,no_deadline category_action_required
MSG_0693,EVENT_0128,GROUP_027,Project review,high,0.7509,3.45,rescheduled,,2026-10-05 01:24:00,Assessed high: the event of 2026-09-29 (MSG_0963) passed 6 day(s) before the most recent message; this subject is a meeting or event.,deadline_overdue category_meeting_event
MSG_0694,TASK_0202,GROUP_020,Complete the Python exercise,low,0.5046,-5.7,cancelled,2026-10-01,2026-10-05 01:24:00,Assessed low: the recorded messages disagree about this subject's state. MSG_0938 cancels this.,status_cancelled status_contested
MSG_0697,EVENT_0129,GROUP_001,Family dinner,medium,0.7509,2.25,rescheduled,,2026-10-05 01:24:00,Assessed medium: the event of 2026-10-06 (MSG_0958) is one day after the most recent message; this subject is a meeting or event.,deadline_tomorrow category_meeting_event
MSG_0706,EVENT_0130,GROUP_015,Study-group session,high,0.7509,3.45,rescheduled,,2026-10-05 01:24:00,Assessed high: the event of 2026-10-04 (MSG_0956) passed 1 day(s) before the most recent message; this subject is a meeting or event.,deadline_overdue category_meeting_event
MSG_0707,EVENT_0131,GROUP_022,Product demo,high,0.7509,3.45,rescheduled,,2026-10-05 01:24:00,Assessed high: the event of 2026-10-01 (MSG_0965) passed 4 day(s) before the most recent message; this subject is a meeting or event.,deadline_overdue category_meeting_event
MSG_0708,TASK_0203,GROUP_012,Update the project tracker,low,0.5664,-5.1,cancelled,2026-10-06,2026-10-05 01:24:00,Assessed low: the subject was chased after it was reported closed; the recorded messages disagree about this subject's state. MSG_0942 cancels this.,status_cancelled status_contested chased_after_closure
MSG_0711,EVENT_0132,GROUP_023,Doctor appointment,medium,0.7509,1.65,rescheduled,,2026-10-05 01:24:00,Assessed medium: the event of 2026-10-08 (MSG_0960) is 3 days away; this subject is a meeting or event.,deadline_within_3_days category_meeting_event
MSG_0716,TASK_0204,GROUP_038,Share the meeting notes,critical,0.8892,5.9,pending,2026-09-27,2026-10-05 01:24:00,Assessed critical: the deadline of 2026-09-27 (MSG_0971) passed 8 day(s) before the most recent message; at least one message about this subject uses explicit urgency wording; the most recent traffic about this subject is an unanswered question. MSG_0971 pushed the deadline from 2026-09-02 back to 2026-09-27.,deadline_overdue deadline_moved_later explicit_urgency chased_once response_required category_action_required
MSG_0717,TASK_0205,GROUP_025,Call Maya when you are free,low,0.5434,0.4,pending,,2026-10-05 01:24:00,Assessed low: this subject is work the recipient must do.,no_deadline category_action_required
MSG_0719,EVENT_0133,GROUP_003,Mentor catch-up,medium,0.7509,2.65,rescheduled,,2026-10-05 01:24:00,Assessed medium: the event of 2026-10-05 (MSG_0969) is the day of the most recent message; this subject is a meeting or event.,deadline_today category_meeting_event
MSG_0720,TASK_0206,GROUP_038,Share the meeting notes,critical,0.8892,5.9,pending,2026-09-27,2026-10-05 01:24:00,Assessed critical: the deadline of 2026-09-27 (MSG_0971) passed 8 day(s) before the most recent message; at least one message about this subject uses explicit urgency wording; the most recent traffic about this subject is an unanswered question. MSG_0971 pushed the deadline from 2026-09-02 back to 2026-09-27.,deadline_overdue deadline_moved_later explicit_urgency chased_once response_required category_action_required
MSG_0722,TASK_0207,GROUP_035,Send the expense receipt,low,0.5046,-5.7,cancelled,2026-10-01,2026-10-05 01:24:00,Assessed low: the recorded messages disagree about this subject's state. MSG_0940 cancels this.,status_cancelled status_contested
MSG_0725,TASK_0208,GROUP_032,Send the revised presentation,low,0.5657,-5.1,cancelled,2026-09-29,2026-10-05 01:24:00,Assessed low: the subject was chased after it was reported closed; the recorded messages disagree about this subject's state. MSG_0934 cancels this.,status_cancelled status_contested chased_after_closure
MSG_0728,TASK_0209,GROUP_017,Demo was ready,low,0.5434,0.4,pending,,2026-10-05 01:24:00,Assessed low: this subject is work the recipient must do.,no_deadline category_action_required
MSG_0730,TASK_0210,GROUP_037,Submit the weekly report,low,0.4796,-5.7,completed,2026-09-28,2026-10-05 01:24:00,Assessed low: the recorded messages disagree about this subject's state. MSG_0949 reports this complete.,status_completed status_contested
MSG_0736,TASK_0211,GROUP_012,Update the project tracker,low,0.5664,-5.1,cancelled,2026-10-06,2026-10-05 01:24:00,Assessed low: the subject was chased after it was reported closed; the recorded messages disagree about this subject's state. MSG_0942 cancels this.,status_cancelled status_contested chased_after_closure
MSG_0738,TASK_0212,,I will send the login details separately,low,0.451,0.4,,,2026-10-05 01:24:00,Assessed low: this subject is work the recipient must do.,no_deadline category_action_required
MSG_0740,TASK_0213,GROUP_007,Renew the library book,critical,0.8892,8.5,pending,2026-09-30,2026-10-05 01:24:00,Assessed critical: the deadline of 2026-09-30 (MSG_0986) passed 5 day(s) before the most recent message; at least one message about this subject uses explicit urgency wording; the subject has been chased 5 times.,deadline_overdue deadline_moved_earlier deadline_conflict explicit_urgency chased_repeatedly response_required category_action_required
MSG_0743,TASK_0214,GROUP_005,Pay the electricity bill,high,0.82,4.1,pending,2026-09-28,2026-10-05 01:24:00,Assessed high: the deadline of 2026-09-28 (MSG_0990) passed 7 day(s) before the most recent message; the most recent traffic about this subject is an unanswered question; the subject has been chased 2 time(s). MSG_0990 pushed the deadline from 2026-09-07 back to 2026-09-28.,deadline_overdue deadline_moved_later chased_once response_required category_action_required
MSG_0744,EVENT_0134,GROUP_009,Team stand-up,low,0.6817,-6.0,cancelled,,2026-10-05 01:24:00,Assessed low: DEMO_008 cancels this.,status_cancelled
MSG_0745,EVENT_0135,GROUP_026,AI workshop,high,0.7509,3.45,rescheduled,,2026-10-05 01:24:00,Assessed high: the event of 2026-09-30 (MSG_0964) passed 5 day(s) before the most recent message; this subject is a meeting or event.,deadline_overdue category_meeting_event
MSG_0747,EVENT_0136,GROUP_026,AI workshop,high,0.7509,3.45,rescheduled,,2026-10-05 01:24:00,Assessed high: the event of 2026-09-30 (MSG_0964) passed 5 day(s) before the most recent message; this subject is a meeting or event.,deadline_overdue category_meeting_event
MSG_0754,TASK_0215,GROUP_005,Pay the electricity bill,high,0.82,4.1,pending,2026-09-28,2026-10-05 01:24:00,Assessed high: the deadline of 2026-09-28 (MSG_0990) passed 7 day(s) before the most recent message; the most recent traffic about this subject is an unanswered question; the subject has been chased 2 time(s). MSG_0990 pushed the deadline from 2026-09-07 back to 2026-09-28.,deadline_overdue deadline_moved_later chased_once response_required category_action_required
MSG_0757,TASK_0216,GROUP_021,Call the service centre,low,0.5664,-5.1,completed,2026-10-02,2026-10-05 01:24:00,Assessed low: the subject was chased after it was reported closed; the recorded messages disagree about this subject's state. MSG_0939 reports this complete.,status_completed status_contested chased_after_closure
MSG_0759,EVENT_0137,GROUP_022,Product demo,high,0.7509,3.45,rescheduled,,2026-10-05 01:24:00,Assessed high: the event of 2026-10-01 (MSG_0965) passed 4 day(s) before the most recent message; this subject is a meeting or event.,deadline_overdue category_meeting_event
MSG_0761,TASK_0217,GROUP_013,Upload the assignment,low,0.8117,1.4,pending,2026-10-20,2026-10-05 01:24:00,Assessed low: the subject has been chased 5 times; the most recent traffic about this subject is an unanswered question; this subject is work the recipient must do. the deadline of 2026-10-20 (DEMO_020) is 15 days away; DEMO_020 pushed the deadline from 2026-09-05 back to 2026-10-20.,deadline_beyond_7_days deadline_moved_later chased_repeatedly response_required category_action_required
MSG_0770,EVENT_0138,,Meeting,low,0.451,0.25,,,2026-10-05 01:24:00,Assessed low: this subject is a meeting or event.,no_deadline category_meeting_event
MSG_0771,TASK_0218,,I will send the login details separately,low,0.451,0.4,,,2026-10-05 01:24:00,Assessed low: this subject is work the recipient must do.,no_deadline category_action_required
MSG_0775,TASK_0219,GROUP_043,Send it soon,low,0.5434,0.4,pending,,2026-10-05 01:24:00,Assessed low: this subject is work the recipient must do.,no_deadline category_action_required
MSG_0776,TASK_0220,GROUP_035,Send the expense receipt,low,0.5046,-5.7,cancelled,2026-10-01,2026-10-05 01:24:00,Assessed low: the recorded messages disagree about this subject's state. MSG_0940 cancels this.,status_cancelled status_contested
MSG_0779,TASK_0221,GROUP_004,Reply to the client email,critical,0.82,5.5,pending,2026-09-10,2026-10-05 01:24:00,Assessed critical: the deadline of 2026-09-10 (MSG_0853) passed 25 day(s) before the most recent message; the subject has been chased 6 times; the most recent traffic about this subject is an unanswered question.,deadline_overdue chased_repeatedly response_required category_action_required
MSG_0780,TASK_0222,GROUP_032,Send the revised presentation,low,0.5657,-5.1,cancelled,2026-09-29,2026-10-05 01:24:00,Assessed low: the subject was chased after it was reported closed; the recorded messages disagree about this subject's state. MSG_0934 cancels this.,status_cancelled status_contested chased_after_closure
MSG_0783,TASK_0223,GROUP_008,Review the model results,low,0.5659,-5.1,completed,2026-09-30,2026-10-05 01:24:00,Assessed low: the subject was chased after it was reported closed; the recorded messages disagree about this subject's state. MSG_0935 reports this complete.,status_completed status_contested chased_after_closure
MSG_0784,TASK_0224,GROUP_004,Reply to the client email,critical,0.82,5.5,pending,2026-09-10,2026-10-05 01:24:00,Assessed critical: the deadline of 2026-09-10 (MSG_0853) passed 25 day(s) before the most recent message; the subject has been chased 6 times; the most recent traffic about this subject is an unanswered question.,deadline_overdue chased_repeatedly response_required category_action_required
MSG_0787,TASK_0225,GROUP_038,Share the meeting notes,critical,0.8892,5.9,pending,2026-09-27,2026-10-05 01:24:00,Assessed critical: the deadline of 2026-09-27 (MSG_0971) passed 8 day(s) before the most recent message; at least one message about this subject uses explicit urgency wording; the most recent traffic about this subject is an unanswered question. MSG_0971 pushed the deadline from 2026-09-02 back to 2026-09-27.,deadline_overdue deadline_moved_later explicit_urgency chased_once response_required category_action_required
MSG_0788,EVENT_0139,GROUP_019,Client discussion,low,0.7509,0.95,rescheduled,,2026-10-05 01:24:00,Assessed low: the event of 2026-10-09 (MSG_0961) is 4 days away; this subject is a meeting or event.,deadline_within_7_days category_meeting_event
MSG_0789,EVENT_0140,GROUP_029,Placement briefing,medium,0.7509,2.25,rescheduled,,2026-10-05 01:24:00,Assessed medium: the event of 2026-10-06 (MSG_0970) is one day after the most recent message; this subject is a meeting or event.,deadline_tomorrow category_meeting_event
MSG_0792,EVENT_0141,GROUP_027,Project review,high,0.7509,3.45,rescheduled,,2026-10-05 01:24:00,Assessed high: the event of 2026-09-29 (MSG_0963) passed 6 day(s) before the most recent message; this subject is a meeting or event.,deadline_overdue category_meeting_event
MSG_0793,EVENT_0142,GROUP_015,Study-group session,high,0.7509,3.45,rescheduled,,2026-10-05 01:24:00,Assessed high: the event of 2026-10-04 (MSG_0956) passed 1 day(s) before the most recent message; this subject is a meeting or event.,deadline_overdue category_meeting_event
MSG_0795,TASK_0226,GROUP_038,Share the meeting notes,critical,0.8892,5.9,pending,2026-09-27,2026-10-05 01:24:00,Assessed critical: the deadline of 2026-09-27 (MSG_0971) passed 8 day(s) before the most recent message; at least one message about this subject uses explicit urgency wording; the most recent traffic about this subject is an unanswered question. MSG_0971 pushed the deadline from 2026-09-02 back to 2026-09-27.,deadline_overdue deadline_moved_later explicit_urgency chased_once response_required category_action_required
MSG_0797,EVENT_0143,GROUP_001,Family dinner,medium,0.7509,2.25,rescheduled,,2026-10-05 01:24:00,Assessed medium: the event of 2026-10-06 (MSG_0958) is one day after the most recent message; this subject is a meeting or event.,deadline_tomorrow category_meeting_event
MSG_0798,EVENT_0144,GROUP_044,College seminar,low,0.5434,0.25,pending,,2026-10-05 01:24:00,Assessed low: this subject is a meeting or event.,no_deadline category_meeting_event
MSG_0799,TASK_0227,GROUP_011,Email the signed document,low,0.5712,-5.1,completed,2026-09-06,2026-10-05 01:24:00,Assessed low: the subject was chased after it was reported closed; the recorded messages disagree about this subject's state. MSG_0933 reports this complete.,status_completed status_contested chased_after_closure
MSG_0800,EVENT_0145,GROUP_042,Design review,low,0.5434,0.25,pending,,2026-10-05 01:24:00,Assessed low: this subject is a meeting or event.,no_deadline category_meeting_event
MSG_0801,EVENT_0146,,Meeting,low,0.451,0.25,,,2026-10-05 01:24:00,Assessed low: this subject is a meeting or event.,no_deadline category_meeting_event
MSG_0809,TASK_0228,GROUP_005,Pay the electricity bill,high,0.82,4.1,pending,2026-09-28,2026-10-05 01:24:00,Assessed high: the deadline of 2026-09-28 (MSG_0990) passed 7 day(s) before the most recent message; the most recent traffic about this subject is an unanswered question; the subject has been chased 2 time(s). MSG_0990 pushed the deadline from 2026-09-07 back to 2026-09-28.,deadline_overdue deadline_moved_later chased_once response_required category_action_required
MSG_0810,EVENT_0147,GROUP_042,Design review,low,0.5434,0.25,pending,,2026-10-05 01:24:00,Assessed low: this subject is a meeting or event.,no_deadline category_meeting_event
MSG_0811,TASK_0229,GROUP_025,Call Maya when you are free,low,0.5434,0.4,pending,,2026-10-05 01:24:00,Assessed low: this subject is work the recipient must do.,no_deadline category_action_required
MSG_0814,TASK_0230,GROUP_020,Complete the Python exercise,low,0.5046,-5.7,cancelled,2026-10-01,2026-10-05 01:24:00,Assessed low: the recorded messages disagree about this subject's state. MSG_0938 cancels this.,status_cancelled status_contested
MSG_0815,TASK_0231,GROUP_035,Send the expense receipt,low,0.5046,-5.7,cancelled,2026-10-01,2026-10-05 01:24:00,Assessed low: the recorded messages disagree about this subject's state. MSG_0940 cancels this.,status_cancelled status_contested
MSG_0816,TASK_0232,GROUP_018,Review the file before the meeting,low,0.5434,0.4,pending,,2026-10-05 01:24:00,Assessed low: this subject is work the recipient must do.,no_deadline category_action_required
MSG_0819,TASK_0233,GROUP_038,Share the meeting notes,critical,0.8892,5.9,pending,2026-09-27,2026-10-05 01:24:00,Assessed critical: the deadline of 2026-09-27 (MSG_0971) passed 8 day(s) before the most recent message; at least one message about this subject uses explicit urgency wording; the most recent traffic about this subject is an unanswered question. MSG_0971 pushed the deadline from 2026-09-02 back to 2026-09-27.,deadline_overdue deadline_moved_later explicit_urgency chased_once response_required category_action_required
MSG_0821,EVENT_0148,GROUP_029,Placement briefing,medium,0.7509,2.25,rescheduled,,2026-10-05 01:24:00,Assessed medium: the event of 2026-10-06 (MSG_0970) is one day after the most recent message; this subject is a meeting or event.,deadline_tomorrow category_meeting_event
MSG_0822,EVENT_0149,GROUP_009,Team stand-up,low,0.6817,-6.0,cancelled,,2026-10-05 01:24:00,Assessed low: DEMO_008 cancels this.,status_cancelled
MSG_0823,EVENT_0150,GROUP_029,Placement briefing,medium,0.7509,2.25,rescheduled,,2026-10-05 01:24:00,Assessed medium: the event of 2026-10-06 (MSG_0970) is one day after the most recent message; this subject is a meeting or event.,deadline_tomorrow category_meeting_event
MSG_0824,TASK_0234,GROUP_037,Submit the weekly report,low,0.4796,-5.7,completed,2026-09-28,2026-10-05 01:24:00,Assessed low: the recorded messages disagree about this subject's state. MSG_0949 reports this complete.,status_completed status_contested
MSG_0826,TASK_0235,GROUP_028,Finish the test cases,low,0.5664,-5.1,completed,2026-09-27,2026-10-05 01:24:00,Assessed low: the subject was chased after it was reported closed; the recorded messages disagree about this subject's state. MSG_0931 reports this complete.,status_completed status_contested chased_after_closure
MSG_0827,TASK_0236,GROUP_025,Call Maya when you are free,low,0.5434,0.4,pending,,2026-10-05 01:24:00,Assessed low: this subject is work the recipient must do.,no_deadline category_action_required
MSG_0829,TASK_0237,GROUP_011,Email the signed document,low,0.5712,-5.1,completed,2026-09-06,2026-10-05 01:24:00,Assessed low: the subject was chased after it was reported closed; the recorded messages disagree about this subject's state. MSG_0933 reports this complete.,status_completed status_contested chased_after_closure
MSG_0831,EVENT_0151,GROUP_033,Technical interview,high,0.7509,3.45,rescheduled,,2026-10-05 01:24:00,Assessed high: the event of 2026-10-04 (MSG_0968) passed 1 day(s) before the most recent message; this subject is a meeting or event.,deadline_overdue category_meeting_event
MSG_0837,EVENT_0152,GROUP_033,Technical interview,high,0.7509,3.45,rescheduled,,2026-10-05 01:24:00,Assessed high: the event of 2026-10-04 (MSG_0968) passed 1 day(s) before the most recent message; this subject is a meeting or event.,deadline_overdue category_meeting_event
MSG_0840,EVENT_0153,GROUP_048,Review,low,0.5952,0.05,pending,,2026-10-05 01:24:00,"Assessed low: this subject is a meeting or event. the only statements made about this subject are hedged (""could be""), so no firm status can be asserted.",status_unclear no_deadline category_meeting_event
MSG_0841,EVENT_0154,GROUP_006,Internship orientation,medium,0.7509,1.65,rescheduled,,2026-10-05 01:24:00,Assessed medium: the event of 2026-10-07 (DEMO_009) is 2 days away; this subject is a meeting or event.,deadline_within_3_days category_meeting_event
MSG_0845,EVENT_0155,GROUP_001,Family dinner,medium,0.7509,2.25,rescheduled,,2026-10-05 01:24:00,Assessed medium: the event of 2026-10-06 (MSG_0958) is one day after the most recent message; this subject is a meeting or event.,deadline_tomorrow category_meeting_event
MSG_0847,EVENT_0156,GROUP_006,Internship orientation,medium,0.7509,1.65,rescheduled,,2026-10-05 01:24:00,Assessed medium: the event of 2026-10-07 (DEMO_009) is 2 days away; this subject is a meeting or event.,deadline_within_3_days category_meeting_event
MSG_0849,EVENT_0157,GROUP_042,Design review,low,0.5434,0.25,pending,,2026-10-05 01:24:00,Assessed low: this subject is a meeting or event.,no_deadline category_meeting_event
MSG_0850,TASK_0238,GROUP_034,Prepare the demo video,low,0.5046,-5.7,completed,2026-09-27,2026-10-05 01:24:00,Assessed low: the recorded messages disagree about this subject's state. MSG_0937 reports this complete.,status_completed status_contested
MSG_0851,TASK_0239,GROUP_034,Prepare the demo video,low,0.5046,-5.7,completed,2026-09-27,2026-10-05 01:24:00,Assessed low: the recorded messages disagree about this subject's state. MSG_0937 reports this complete.,status_completed status_contested
MSG_0853,TASK_0240,GROUP_004,Reply to the client email,critical,0.82,5.5,pending,2026-09-10,2026-10-05 01:24:00,Assessed critical: the deadline of 2026-09-10 (MSG_0853) passed 25 day(s) before the most recent message; the subject has been chased 6 times; the most recent traffic about this subject is an unanswered question.,deadline_overdue chased_repeatedly response_required category_action_required
MSG_0859,TASK_0241,GROUP_043,Send it soon,low,0.5434,0.4,pending,,2026-10-05 01:24:00,Assessed low: this subject is work the recipient must do.,no_deadline category_action_required
MSG_0860,EVENT_0158,GROUP_044,College seminar,low,0.5434,0.25,pending,,2026-10-05 01:24:00,Assessed low: this subject is a meeting or event.,no_deadline category_meeting_event
MSG_0861,EVENT_0159,GROUP_003,Mentor catch-up,medium,0.7509,2.65,rescheduled,,2026-10-05 01:24:00,Assessed medium: the event of 2026-10-05 (MSG_0969) is the day of the most recent message; this subject is a meeting or event.,deadline_today category_meeting_event
MSG_0862,TASK_0242,GROUP_011,Email the signed document,low,0.5712,-5.1,completed,2026-09-06,2026-10-05 01:24:00,Assessed low: the subject was chased after it was reported closed; the recorded messages disagree about this subject's state. MSG_0933 reports this complete.,status_completed status_contested chased_after_closure
MSG_0864,TASK_0243,GROUP_041,Back up the project files,critical,0.8892,5.9,pending,2026-09-27,2026-10-05 01:24:00,Assessed critical: the deadline of 2026-09-27 (MSG_0989) passed 8 day(s) before the most recent message; at least one message about this subject uses explicit urgency wording; the most recent traffic about this subject is an unanswered question. MSG_0989 pushed the deadline from 2026-09-08 back to 2026-09-27.,deadline_overdue deadline_moved_later explicit_urgency chased_once response_required category_action_required
MSG_0865,TASK_0244,GROUP_041,Back up the project files,critical,0.8892,5.9,pending,2026-09-27,2026-10-05 01:24:00,Assessed critical: the deadline of 2026-09-27 (MSG_0989) passed 8 day(s) before the most recent message; at least one message about this subject uses explicit urgency wording; the most recent traffic about this subject is an unanswered question. MSG_0989 pushed the deadline from 2026-09-08 back to 2026-09-27.,deadline_overdue deadline_moved_later explicit_urgency chased_once response_required category_action_required
MSG_0866,EVENT_0160,GROUP_003,Mentor catch-up,medium,0.7509,2.65,rescheduled,,2026-10-05 01:24:00,Assessed medium: the event of 2026-10-05 (MSG_0969) is the day of the most recent message; this subject is a meeting or event.,deadline_today category_meeting_event
MSG_0868,EVENT_0161,GROUP_019,Client discussion,low,0.7509,0.95,rescheduled,,2026-10-05 01:24:00,Assessed low: the event of 2026-10-09 (MSG_0961) is 4 days away; this subject is a meeting or event.,deadline_within_7_days category_meeting_event
MSG_0870,TASK_0245,GROUP_035,Send the expense receipt,low,0.5046,-5.7,cancelled,2026-10-01,2026-10-05 01:24:00,Assessed low: the recorded messages disagree about this subject's state. MSG_0940 cancels this.,status_cancelled status_contested
MSG_0871,EVENT_0162,GROUP_009,Team stand-up,low,0.6817,-6.0,cancelled,,2026-10-05 01:24:00,Assessed low: DEMO_008 cancels this.,status_cancelled
MSG_0873,EVENT_0163,GROUP_015,Study-group session,high,0.7509,3.45,rescheduled,,2026-10-05 01:24:00,Assessed high: the event of 2026-10-04 (MSG_0956) passed 1 day(s) before the most recent message; this subject is a meeting or event.,deadline_overdue category_meeting_event
MSG_0877,EVENT_0164,GROUP_044,College seminar,low,0.5434,0.25,pending,,2026-10-05 01:24:00,Assessed low: this subject is a meeting or event.,no_deadline category_meeting_event
MSG_0878,EVENT_0165,GROUP_019,Client discussion,low,0.7509,0.95,rescheduled,,2026-10-05 01:24:00,Assessed low: the event of 2026-10-09 (MSG_0961) is 4 days away; this subject is a meeting or event.,deadline_within_7_days category_meeting_event
MSG_0879,TASK_0246,,I will send the login details separately,low,0.451,0.4,,,2026-10-05 01:24:00,Assessed low: this subject is work the recipient must do.,no_deadline category_action_required
MSG_0882,EVENT_0166,GROUP_044,College seminar,low,0.5434,0.25,pending,,2026-10-05 01:24:00,Assessed low: this subject is a meeting or event.,no_deadline category_meeting_event
MSG_0883,TASK_0247,GROUP_008,Review the model results,low,0.5659,-5.1,completed,2026-09-30,2026-10-05 01:24:00,Assessed low: the subject was chased after it was reported closed; the recorded messages disagree about this subject's state. MSG_0935 reports this complete.,status_completed status_contested chased_after_closure
MSG_0884,TASK_0248,GROUP_012,Update the project tracker,low,0.5664,-5.1,cancelled,2026-10-06,2026-10-05 01:24:00,Assessed low: the subject was chased after it was reported closed; the recorded messages disagree about this subject's state. MSG_0942 cancels this.,status_cancelled status_contested chased_after_closure
MSG_0886,EVENT_0167,GROUP_049,Review,low,0.5952,0.05,pending,,2026-10-05 01:24:00,"Assessed low: this subject is a meeting or event. the only statements made about this subject are hedged (""could be""), so no firm status can be asserted.",status_unclear no_deadline category_meeting_event
MSG_0893,TASK_0249,GROUP_002,Review the privacy checklist,critical,0.82,5.1,pending,2026-09-30,2026-10-05 01:24:00,Assessed critical: the deadline of 2026-09-30 (MSG_0980) passed 5 day(s) before the most recent message; the subject has been chased 3 times; the most recent traffic about this subject is an unanswered question. MSG_0980 pushed the deadline from 2026-09-03 back to 2026-09-30.,deadline_overdue deadline_moved_later chased_repeatedly response_required category_action_required
MSG_0894,EVENT_0168,GROUP_042,Design review,low,0.5434,0.25,pending,,2026-10-05 01:24:00,Assessed low: this subject is a meeting or event.,no_deadline category_meeting_event
MSG_0895,EVENT_0169,GROUP_026,AI workshop,high,0.7509,3.45,rescheduled,,2026-10-05 01:24:00,Assessed high: the event of 2026-09-30 (MSG_0964) passed 5 day(s) before the most recent message; this subject is a meeting or event.,deadline_overdue category_meeting_event
MSG_0898,TASK_0250,GROUP_020,Complete the Python exercise,low,0.5046,-5.7,cancelled,2026-10-01,2026-10-05 01:24:00,Assessed low: the recorded messages disagree about this subject's state. MSG_0938 cancels this.,status_cancelled status_contested
MSG_0900,EVENT_0170,GROUP_044,College seminar,low,0.5434,0.25,pending,,2026-10-05 01:24:00,Assessed low: this subject is a meeting or event.,no_deadline category_meeting_event
MSG_0901,TASK_0251,GROUP_002,Share an update on review the privacy checklist,critical,0.82,5.1,pending,2026-09-30,2026-10-05 01:24:00,Assessed critical: the deadline of 2026-09-30 (MSG_0980) passed 5 day(s) before the most recent message; the subject has been chased 3 times; the most recent traffic about this subject is an unanswered question. MSG_0980 pushed the deadline from 2026-09-03 back to 2026-09-30.,deadline_overdue deadline_moved_later chased_repeatedly response_required category_action_required
MSG_0902,TASK_0252,GROUP_004,Following up on reply to the client email; is it in progress,critical,0.82,5.5,pending,2026-09-10,2026-10-05 01:24:00,Assessed critical: the deadline of 2026-09-10 (MSG_0853) passed 25 day(s) before the most recent message; the subject has been chased 6 times; the most recent traffic about this subject is an unanswered question.,deadline_overdue chased_repeatedly response_required category_action_required
MSG_0903,TASK_0253,GROUP_005,Confirm whether you started to pay the electricity bill,high,0.82,4.1,pending,2026-09-28,2026-10-05 01:24:00,Assessed high: the deadline of 2026-09-28 (MSG_0990) passed 7 day(s) before the most recent message; the most recent traffic about this subject is an unanswered question; the subject has been chased 2 time(s). MSG_0990 pushed the deadline from 2026-09-07 back to 2026-09-28.,deadline_overdue deadline_moved_later chased_once response_required category_action_required
MSG_0904,TASK_0254,GROUP_007,Share an update on renew the library book,critical,0.8892,8.5,pending,2026-09-30,2026-10-05 01:24:00,Assessed critical: the deadline of 2026-09-30 (MSG_0986) passed 5 day(s) before the most recent message; at least one message about this subject uses explicit urgency wording; the subject has been chased 5 times.,deadline_overdue deadline_moved_earlier deadline_conflict explicit_urgency chased_repeatedly response_required category_action_required
MSG_0905,TASK_0255,GROUP_008,Following up on review the model results; is it in progress,low,0.5659,-5.1,completed,2026-09-30,2026-10-05 01:24:00,Assessed low: the subject was chased after it was reported closed; the recorded messages disagree about this subject's state. MSG_0935 reports this complete.,status_completed status_contested chased_after_closure
MSG_0906,TASK_0256,GROUP_010,Confirm whether you started to confirm the interview slot,critical,0.8299,9.3,pending,2026-10-02,2026-10-05 01:24:00,"Assessed critical: the deadline of 2026-10-02 (MSG_0976) passed 3 day(s) before the most recent message; DEMO_001 states the deadline as ""tomorrow at 10:00""; it was not resolved to a date, so the proximity is taken from the wording; at least one message about this subject uses explicit urgency wording. MSG_0976 pushed the deadline from 2026-09-28 back to 2026-10-02.",deadline_relative_imminent deadline_overdue deadline_moved_later deadline_conflict explicit_urgency chased_repeatedly response_required category_action_required
MSG_0907,TASK_0257,GROUP_011,Share an update on email the signed document,low,0.5712,-5.1,completed,2026-09-06,2026-10-05 01:24:00,Assessed low: the subject was chased after it was reported closed; the recorded messages disagree about this subject's state. MSG_0933 reports this complete.,status_completed status_contested chased_after_closure
MSG_0908,TASK_0258,GROUP_012,Following up on update the project tracker; is it in progress,low,0.5664,-5.1,cancelled,2026-10-06,2026-10-05 01:24:00,Assessed low: the subject was chased after it was reported closed; the recorded messages disagree about this subject's state. MSG_0942 cancels this.,status_cancelled status_contested chased_after_closure
MSG_0909,TASK_0259,GROUP_013,Confirm whether you started to upload the assignment,low,0.8117,1.4,pending,2026-10-20,2026-10-05 01:24:00,Assessed low: the subject has been chased 5 times; the most recent traffic about this subject is an unanswered question; this subject is work the recipient must do. the deadline of 2026-10-20 (DEMO_020) is 15 days away; DEMO_020 pushed the deadline from 2026-09-05 back to 2026-10-20.,deadline_beyond_7_days deadline_moved_later chased_repeatedly response_required category_action_required
MSG_0910,TASK_0260,GROUP_014,Share an update on complete the onboarding form,critical,0.82,5.5,pending,2026-09-06,2026-10-05 01:24:00,Assessed critical: the deadline of 2026-09-06 (MSG_0624) passed 29 day(s) before the most recent message; the subject has been chased 6 times; the most recent traffic about this subject is an unanswered question.,deadline_overdue chased_repeatedly response_required category_action_required
MSG_0911,TASK_0261,GROUP_012,Follow-up: following up on update the project tracker; is it in progress,low,0.5664,-5.1,cancelled,2026-10-06,2026-10-05 01:24:00,Assessed low: the subject was chased after it was reported closed; the recorded messages disagree about this subject's state. MSG_0942 cancels this.,status_cancelled status_contested chased_after_closure
MSG_0912,TASK_0262,GROUP_020,Confirm whether you started to complete the Python exercise,low,0.5046,-5.7,cancelled,2026-10-01,2026-10-05 01:24:00,Assessed low: the recorded messages disagree about this subject's state. MSG_0938 cancels this.,status_cancelled status_contested
MSG_0913,TASK_0263,GROUP_014,Share an update on complete the onboarding form,critical,0.82,5.5,pending,2026-09-06,2026-10-05 01:24:00,Assessed critical: the deadline of 2026-09-06 (MSG_0624) passed 29 day(s) before the most recent message; the subject has been chased 6 times; the most recent traffic about this subject is an unanswered question.,deadline_overdue chased_repeatedly response_required category_action_required
MSG_0914,TASK_0264,GROUP_021,Following up on call the service centre; is it in progress,low,0.5664,-5.1,completed,2026-10-02,2026-10-05 01:24:00,Assessed low: the subject was chased after it was reported closed; the recorded messages disagree about this subject's state. MSG_0939 reports this complete.,status_completed status_contested chased_after_closure
MSG_0915,TASK_0265,GROUP_002,Confirm whether you started to review the privacy checklist,critical,0.82,5.1,pending,2026-09-30,2026-10-05 01:24:00,Assessed critical: the deadline of 2026-09-30 (MSG_0980) passed 5 day(s) before the most recent message; the subject has been chased 3 times; the most recent traffic about this subject is an unanswered question. MSG_0980 pushed the deadline from 2026-09-03 back to 2026-09-30.,deadline_overdue deadline_moved_later chased_repeatedly response_required category_action_required
MSG_0916,TASK_0266,GROUP_014,Share an update on complete the onboarding form,critical,0.82,5.5,pending,2026-09-06,2026-10-05 01:24:00,Assessed critical: the deadline of 2026-09-06 (MSG_0624) passed 29 day(s) before the most recent message; the subject has been chased 6 times; the most recent traffic about this subject is an unanswered question.,deadline_overdue chased_repeatedly response_required category_action_required
MSG_0917,TASK_0267,GROUP_007,Following up on renew the library book; is it in progress,critical,0.8892,8.5,pending,2026-09-30,2026-10-05 01:24:00,Assessed critical: the deadline of 2026-09-30 (MSG_0986) passed 5 day(s) before the most recent message; at least one message about this subject uses explicit urgency wording; the subject has been chased 5 times.,deadline_overdue deadline_moved_earlier deadline_conflict explicit_urgency chased_repeatedly response_required category_action_required
MSG_0918,TASK_0268,GROUP_011,Confirm whether you started to email the signed document,low,0.5712,-5.1,completed,2026-09-06,2026-10-05 01:24:00,Assessed low: the subject was chased after it was reported closed; the recorded messages disagree about this subject's state. MSG_0933 reports this complete.,status_completed status_contested chased_after_closure
MSG_0919,TASK_0269,GROUP_007,Share an update on renew the library book,critical,0.8892,8.5,pending,2026-09-30,2026-10-05 01:24:00,Assessed critical: the deadline of 2026-09-30 (MSG_0986) passed 5 day(s) before the most recent message; at least one message about this subject uses explicit urgency wording; the subject has been chased 5 times.,deadline_overdue deadline_moved_earlier deadline_conflict explicit_urgency chased_repeatedly response_required category_action_required
MSG_0920,TASK_0270,GROUP_007,Follow-up: following up on renew the library book; is it in progress,critical,0.8892,8.5,pending,2026-09-30,2026-10-05 01:24:00,Assessed critical: the deadline of 2026-09-30 (MSG_0986) passed 5 day(s) before the most recent message; at least one message about this subject uses explicit urgency wording; the subject has been chased 5 times.,deadline_overdue deadline_moved_earlier deadline_conflict explicit_urgency chased_repeatedly response_required category_action_required
MSG_0921,TASK_0271,GROUP_002,Confirm whether you started to review the privacy checklist,critical,0.82,5.1,pending,2026-09-30,2026-10-05 01:24:00,Assessed critical: the deadline of 2026-09-30 (MSG_0980) passed 5 day(s) before the most recent message; the subject has been chased 3 times; the most recent traffic about this subject is an unanswered question. MSG_0980 pushed the deadline from 2026-09-03 back to 2026-09-30.,deadline_overdue deadline_moved_later chased_repeatedly response_required category_action_required
MSG_0922,TASK_0272,GROUP_004,Share an update on reply to the client email,critical,0.82,5.5,pending,2026-09-10,2026-10-05 01:24:00,Assessed critical: the deadline of 2026-09-10 (MSG_0853) passed 25 day(s) before the most recent message; the subject has been chased 6 times; the most recent traffic about this subject is an unanswered question.,deadline_overdue chased_repeatedly response_required category_action_required
MSG_0923,TASK_0273,GROUP_005,Following up on pay the electricity bill; is it in progress,high,0.82,4.1,pending,2026-09-28,2026-10-05 01:24:00,Assessed high: the deadline of 2026-09-28 (MSG_0990) passed 7 day(s) before the most recent message; the most recent traffic about this subject is an unanswered question; the subject has been chased 2 time(s). MSG_0990 pushed the deadline from 2026-09-07 back to 2026-09-28.,deadline_overdue deadline_moved_later chased_once response_required category_action_required
MSG_0924,TASK_0274,GROUP_007,Confirm whether you started to renew the library book,critical,0.8892,8.5,pending,2026-09-30,2026-10-05 01:24:00,Assessed critical: the deadline of 2026-09-30 (MSG_0986) passed 5 day(s) before the most recent message; at least one message about this subject uses explicit urgency wording; the subject has been chased 5 times.,deadline_overdue deadline_moved_earlier deadline_conflict explicit_urgency chased_repeatedly response_required category_action_required
MSG_0925,TASK_0275,GROUP_008,Share an update on review the model results,low,0.5659,-5.1,completed,2026-09-30,2026-10-05 01:24:00,Assessed low: the subject was chased after it was reported closed; the recorded messages disagree about this subject's state. MSG_0935 reports this complete.,status_completed status_contested chased_after_closure
MSG_0926,TASK_0276,GROUP_010,Following up on confirm the interview slot; is it in progress,critical,0.8299,9.3,pending,2026-10-02,2026-10-05 01:24:00,"Assessed critical: the deadline of 2026-10-02 (MSG_0976) passed 3 day(s) before the most recent message; DEMO_001 states the deadline as ""tomorrow at 10:00""; it was not resolved to a date, so the proximity is taken from the wording; at least one message about this subject uses explicit urgency wording. MSG_0976 pushed the deadline from 2026-09-28 back to 2026-10-02.",deadline_relative_imminent deadline_overdue deadline_moved_later deadline_conflict explicit_urgency chased_repeatedly response_required category_action_required
MSG_0927,TASK_0277,GROUP_011,Confirm whether you started to email the signed document,low,0.5712,-5.1,completed,2026-09-06,2026-10-05 01:24:00,Assessed low: the subject was chased after it was reported closed; the recorded messages disagree about this subject's state. MSG_0933 reports this complete.,status_completed status_contested chased_after_closure
MSG_0928,TASK_0278,GROUP_012,Share an update on update the project tracker,low,0.5664,-5.1,cancelled,2026-10-06,2026-10-05 01:24:00,Assessed low: the subject was chased after it was reported closed; the recorded messages disagree about this subject's state. MSG_0942 cancels this.,status_cancelled status_contested chased_after_closure
MSG_0929,TASK_0279,GROUP_013,Following up on upload the assignment; is it in progress,low,0.8117,1.4,pending,2026-10-20,2026-10-05 01:24:00,Assessed low: the subject has been chased 5 times; the most recent traffic about this subject is an unanswered question; this subject is work the recipient must do. the deadline of 2026-10-20 (DEMO_020) is 15 days away; DEMO_020 pushed the deadline from 2026-09-05 back to 2026-10-20.,deadline_beyond_7_days deadline_moved_later chased_repeatedly response_required category_action_required
MSG_0930,TASK_0280,GROUP_014,Confirm whether you started to complete the onboarding form,critical,0.82,5.5,pending,2026-09-06,2026-10-05 01:24:00,Assessed critical: the deadline of 2026-09-06 (MSG_0624) passed 29 day(s) before the most recent message; the subject has been chased 6 times; the most recent traffic about this subject is an unanswered question.,deadline_overdue chased_repeatedly response_required category_action_required
MSG_0932,TASK_0281,GROUP_021,You can cancel call the service centre; it is no longer required,low,0.5664,-5.1,completed,2026-10-02,2026-10-05 01:24:00,Assessed low: the subject was chased after it was reported closed; the recorded messages disagree about this subject's state. MSG_0939 reports this complete.,status_completed status_contested chased_after_closure
MSG_0934,TASK_0282,GROUP_032,You can cancel send the revised presentation; it is no longer required,low,0.5657,-5.1,cancelled,2026-09-29,2026-10-05 01:24:00,Assessed low: the subject was chased after it was reported closed; the recorded messages disagree about this subject's state. MSG_0934 cancels this.,status_cancelled status_contested chased_after_closure
MSG_0936,TASK_0283,GROUP_032,Follow-up: you can cancel send the revised presentation; it is no longer required,low,0.5657,-5.1,cancelled,2026-09-29,2026-10-05 01:24:00,Assessed low: the subject was chased after it was reported closed; the recorded messages disagree about this subject's state. MSG_0934 cancels this.,status_cancelled status_contested chased_after_closure
MSG_0938,TASK_0284,GROUP_020,You can cancel complete the Python exercise; it is no longer required,low,0.5046,-5.7,cancelled,2026-10-01,2026-10-05 01:24:00,Assessed low: the recorded messages disagree about this subject's state. MSG_0938 cancels this.,status_cancelled status_contested
MSG_0940,TASK_0285,GROUP_035,You can cancel send the expense receipt; it is no longer required,low,0.5046,-5.7,cancelled,2026-10-01,2026-10-05 01:24:00,Assessed low: the recorded messages disagree about this subject's state. MSG_0940 cancels this.,status_cancelled status_contested
MSG_0941,TASK_0286,GROUP_034,Follow-up: update: prepare the demo video has been completed successfully,low,0.5046,-5.7,completed,2026-09-27,2026-10-05 01:24:00,Assessed low: the recorded messages disagree about this subject's state. MSG_0937 reports this complete.,status_completed status_contested
MSG_0942,TASK_0287,GROUP_012,You can cancel update the project tracker; it is no longer required,low,0.5664,-5.1,cancelled,2026-10-06,2026-10-05 01:24:00,Assessed low: the subject was chased after it was reported closed; the recorded messages disagree about this subject's state. MSG_0942 cancels this.,status_cancelled status_contested chased_after_closure
MSG_0944,TASK_0288,GROUP_020,Follow-up: you can cancel complete the Python exercise; it is no longer required,low,0.5046,-5.7,cancelled,2026-10-01,2026-10-05 01:24:00,Assessed low: the recorded messages disagree about this subject's state. MSG_0938 cancels this.,status_cancelled status_contested
MSG_0945,TASK_0289,GROUP_034,Additional update: update: prepare the demo video has been completed successfully,low,0.5046,-5.7,completed,2026-09-27,2026-10-05 01:24:00,Assessed low: the recorded messages disagree about this subject's state. MSG_0937 reports this complete.,status_completed status_contested
MSG_0946,TASK_0290,GROUP_021,Follow-up: you can cancel call the service centre; it is no longer required,low,0.5664,-5.1,completed,2026-10-02,2026-10-05 01:24:00,Assessed low: the subject was chased after it was reported closed; the recorded messages disagree about this subject's state. MSG_0939 reports this complete.,status_completed status_contested chased_after_closure
MSG_0948,TASK_0291,GROUP_036,You can cancel verify the dataset labels; it is no longer required,low,0.5046,-5.7,cancelled,2026-09-28,2026-10-05 01:24:00,Assessed low: the recorded messages disagree about this subject's state. MSG_0948 cancels this.,status_cancelled status_contested
MSG_0950,TASK_0292,GROUP_021,Additional update: you can cancel call the service centre; it is no longer required,low,0.5664,-5.1,completed,2026-10-02,2026-10-05 01:24:00,Assessed low: the subject was chased after it was reported closed; the recorded messages disagree about this subject's state. MSG_0939 reports this complete.,status_completed status_contested chased_after_closure
MSG_0951,TASK_0293,GROUP_001,Use the new schedule,medium,0.7509,2.25,rescheduled,,2026-10-05 01:24:00,Assessed medium: the event of 2026-10-06 (MSG_0958) is one day after the most recent message; this subject is a meeting or event.,deadline_tomorrow category_meeting_event
MSG_0952,TASK_0294,GROUP_003,Use the new schedule,medium,0.7509,2.65,rescheduled,,2026-10-05 01:24:00,Assessed medium: the event of 2026-10-05 (MSG_0969) is the day of the most recent message; this subject is a meeting or event.,deadline_today category_meeting_event
MSG_0953,TASK_0295,GROUP_006,Use the new schedule,medium,0.7509,1.65,rescheduled,,2026-10-05 01:24:00,Assessed medium: the event of 2026-10-07 (DEMO_009) is 2 days away; this subject is a meeting or event.,deadline_within_3_days category_meeting_event
MSG_0954,TASK_0296,GROUP_009,Use the new schedule,low,0.6817,-6.0,cancelled,,2026-10-05 01:24:00,Assessed low: DEMO_008 cancels this.,status_cancelled
MSG_0955,TASK_0297,GROUP_006,Use the new schedule,medium,0.7509,1.65,rescheduled,,2026-10-05 01:24:00,Assessed medium: the event of 2026-10-07 (DEMO_009) is 2 days away; this subject is a meeting or event.,deadline_within_3_days category_meeting_event
MSG_0956,TASK_0298,GROUP_015,Use the new schedule,high,0.7509,3.45,rescheduled,,2026-10-05 01:24:00,Assessed high: the event of 2026-10-04 (MSG_0956) passed 1 day(s) before the most recent message; this subject is a meeting or event.,deadline_overdue category_meeting_event
MSG_0957,TASK_0299,GROUP_019,Use the new schedule,low,0.7509,0.95,rescheduled,,2026-10-05 01:24:00,Assessed low: the event of 2026-10-09 (MSG_0961) is 4 days away; this subject is a meeting or event.,deadline_within_7_days category_meeting_event
MSG_0958,TASK_0300,GROUP_001,Use the new schedule,medium,0.7509,2.25,rescheduled,,2026-10-05 01:24:00,Assessed medium: the event of 2026-10-06 (MSG_0958) is one day after the most recent message; this subject is a meeting or event.,deadline_tomorrow category_meeting_event
MSG_0959,TASK_0301,GROUP_022,Use the new schedule,high,0.7509,3.45,rescheduled,,2026-10-05 01:24:00,Assessed high: the event of 2026-10-01 (MSG_0965) passed 4 day(s) before the most recent message; this subject is a meeting or event.,deadline_overdue category_meeting_event
MSG_0960,TASK_0302,GROUP_023,Use the new schedule,medium,0.7509,1.65,rescheduled,,2026-10-05 01:24:00,Assessed medium: the event of 2026-10-08 (MSG_0960) is 3 days away; this subject is a meeting or event.,deadline_within_3_days category_meeting_event
MSG_0961,TASK_0303,GROUP_019,Use the new schedule,low,0.7509,0.95,rescheduled,,2026-10-05 01:24:00,Assessed low: the event of 2026-10-09 (MSG_0961) is 4 days away; this subject is a meeting or event.,deadline_within_7_days category_meeting_event
MSG_0962,TASK_0304,GROUP_026,Use the new schedule,high,0.7509,3.45,rescheduled,,2026-10-05 01:24:00,Assessed high: the event of 2026-09-30 (MSG_0964) passed 5 day(s) before the most recent message; this subject is a meeting or event.,deadline_overdue category_meeting_event
MSG_0963,TASK_0305,GROUP_027,Use the new schedule,high,0.7509,3.45,rescheduled,,2026-10-05 01:24:00,Assessed high: the event of 2026-09-29 (MSG_0963) passed 6 day(s) before the most recent message; this subject is a meeting or event.,deadline_overdue category_meeting_event
MSG_0964,TASK_0306,GROUP_026,Use the new schedule,high,0.7509,3.45,rescheduled,,2026-10-05 01:24:00,Assessed high: the event of 2026-09-30 (MSG_0964) passed 5 day(s) before the most recent message; this subject is a meeting or event.,deadline_overdue category_meeting_event
MSG_0965,TASK_0307,GROUP_022,Use the new schedule,high,0.7509,3.45,rescheduled,,2026-10-05 01:24:00,Assessed high: the event of 2026-10-01 (MSG_0965) passed 4 day(s) before the most recent message; this subject is a meeting or event.,deadline_overdue category_meeting_event
MSG_0966,TASK_0308,GROUP_029,Use the new schedule,medium,0.7509,2.25,rescheduled,,2026-10-05 01:24:00,Assessed medium: the event of 2026-10-06 (MSG_0970) is one day after the most recent message; this subject is a meeting or event.,deadline_tomorrow category_meeting_event
MSG_0967,TASK_0309,GROUP_031,Use the new schedule,high,0.7509,3.45,rescheduled,,2026-10-05 01:24:00,Assessed high: the event of 2026-10-03 (MSG_0967) passed 2 day(s) before the most recent message; this subject is a meeting or event.,deadline_overdue category_meeting_event
MSG_0968,TASK_0310,GROUP_033,Use the new schedule,high,0.7509,3.45,rescheduled,,2026-10-05 01:24:00,Assessed high: the event of 2026-10-04 (MSG_0968) passed 1 day(s) before the most recent message; this subject is a meeting or event.,deadline_overdue category_meeting_event
MSG_0969,TASK_0311,GROUP_003,Use the new schedule,medium,0.7509,2.65,rescheduled,,2026-10-05 01:24:00,Assessed medium: the event of 2026-10-05 (MSG_0969) is the day of the most recent message; this subject is a meeting or event.,deadline_today category_meeting_event
MSG_0970,TASK_0312,GROUP_029,Use the new schedule,medium,0.7509,2.25,rescheduled,,2026-10-05 01:24:00,Assessed medium: the event of 2026-10-06 (MSG_0970) is one day after the most recent message; this subject is a meeting or event.,deadline_tomorrow category_meeting_event
MSG_0972,TASK_0313,GROUP_010,Please note that confirm the interview slot,critical,0.8299,9.3,pending,2026-10-02,2026-10-05 01:24:00,"Assessed critical: the deadline of 2026-10-02 (MSG_0976) passed 3 day(s) before the most recent message; DEMO_001 states the deadline as ""tomorrow at 10:00""; it was not resolved to a date, so the proximity is taken from the wording; at least one message about this subject uses explicit urgency wording. MSG_0976 pushed the deadline from 2026-09-28 back to 2026-10-02.",deadline_relative_imminent deadline_overdue deadline_moved_later deadline_conflict explicit_urgency chased_repeatedly response_required category_action_required
MSG_0974,TASK_0314,GROUP_008,Please note that review the model results,low,0.5659,-5.1,completed,2026-09-30,2026-10-05 01:24:00,Assessed low: the subject was chased after it was reported closed; the recorded messages disagree about this subject's state. MSG_0935 reports this complete.,status_completed status_contested chased_after_closure
MSG_0976,TASK_0315,GROUP_010,Please note that confirm the interview slot,critical,0.8299,9.3,pending,2026-10-02,2026-10-05 01:24:00,"Assessed critical: the deadline of 2026-10-02 (MSG_0976) passed 3 day(s) before the most recent message; DEMO_001 states the deadline as ""tomorrow at 10:00""; it was not resolved to a date, so the proximity is taken from the wording; at least one message about this subject uses explicit urgency wording. MSG_0976 pushed the deadline from 2026-09-28 back to 2026-10-02.",deadline_relative_imminent deadline_overdue deadline_moved_later deadline_conflict explicit_urgency chased_repeatedly response_required category_action_required
MSG_0978,TASK_0316,GROUP_037,Please note that submit the weekly report,low,0.4796,-5.7,completed,2026-09-28,2026-10-05 01:24:00,Assessed low: the recorded messages disagree about this subject's state. MSG_0949 reports this complete.,status_completed status_contested
MSG_0980,TASK_0317,GROUP_002,Please note that review the privacy checklist,critical,0.82,5.1,pending,2026-09-30,2026-10-05 01:24:00,Assessed critical: the deadline of 2026-09-30 (MSG_0980) passed 5 day(s) before the most recent message; the subject has been chased 3 times; the most recent traffic about this subject is an unanswered question. MSG_0980 pushed the deadline from 2026-09-03 back to 2026-09-30.,deadline_overdue deadline_moved_later chased_repeatedly response_required category_action_required
MSG_0982,TASK_0318,GROUP_010,Follow-up: please note that confirm the interview slot,critical,0.8299,9.3,pending,2026-10-02,2026-10-05 01:24:00,"Assessed critical: the deadline of 2026-10-02 (MSG_0976) passed 3 day(s) before the most recent message; DEMO_001 states the deadline as ""tomorrow at 10:00""; it was not resolved to a date, so the proximity is taken from the wording; at least one message about this subject uses explicit urgency wording. MSG_0976 pushed the deadline from 2026-09-28 back to 2026-10-02.",deadline_relative_imminent deadline_overdue deadline_moved_later deadline_conflict explicit_urgency chased_repeatedly response_required category_action_required
MSG_0984,TASK_0319,GROUP_036,Please note that verify the dataset labels,low,0.5046,-5.7,cancelled,2026-09-28,2026-10-05 01:24:00,Assessed low: the recorded messages disagree about this subject's state. MSG_0948 cancels this.,status_cancelled status_contested
MSG_0986,TASK_0320,GROUP_007,Please note that renew the library book,critical,0.8892,8.5,pending,2026-09-30,2026-10-05 01:24:00,Assessed critical: the deadline of 2026-09-30 (MSG_0986) passed 5 day(s) before the most recent message; at least one message about this subject uses explicit urgency wording; the subject has been chased 5 times.,deadline_overdue deadline_moved_earlier deadline_conflict explicit_urgency chased_repeatedly response_required category_action_required
MSG_0988,TASK_0321,GROUP_021,Please note that call the service centre,low,0.5664,-5.1,completed,2026-10-02,2026-10-05 01:24:00,Assessed low: the subject was chased after it was reported closed; the recorded messages disagree about this subject's state. MSG_0939 reports this complete.,status_completed status_contested chased_after_closure
MSG_0990,TASK_0322,GROUP_005,Please note that pay the electricity bill,high,0.82,4.1,pending,2026-09-28,2026-10-05 01:24:00,Assessed high: the deadline of 2026-09-28 (MSG_0990) passed 7 day(s) before the most recent message; the most recent traffic about this subject is an unanswered question; the subject has been chased 2 time(s). MSG_0990 pushed the deadline from 2026-09-07 back to 2026-09-28.,deadline_overdue deadline_moved_later chased_once response_required category_action_required
MSG_0992,TASK_0323,GROUP_038,Check the latest status of share the meeting notes,critical,0.8892,5.9,pending,2026-09-27,2026-10-05 01:24:00,Assessed critical: the deadline of 2026-09-27 (MSG_0971) passed 8 day(s) before the most recent message; at least one message about this subject uses explicit urgency wording; the most recent traffic about this subject is an unanswered question. MSG_0971 pushed the deadline from 2026-09-02 back to 2026-09-27.,deadline_overdue deadline_moved_later explicit_urgency chased_once response_required category_action_required
MSG_0993,TASK_0324,GROUP_021,Work we discussed about call the service centre still needs attention,low,0.5664,-5.1,completed,2026-10-02,2026-10-05 01:24:00,Assessed low: the subject was chased after it was reported closed; the recorded messages disagree about this subject's state. MSG_0939 reports this complete.,status_completed status_contested chased_after_closure
MSG_0994,TASK_0325,GROUP_004,Has the reply to the client email item been handled yet,critical,0.82,5.5,pending,2026-09-10,2026-10-05 01:24:00,Assessed critical: the deadline of 2026-09-10 (MSG_0853) passed 25 day(s) before the most recent message; the subject has been chased 6 times; the most recent traffic about this subject is an unanswered question.,deadline_overdue chased_repeatedly response_required category_action_required
MSG_0997,TASK_0326,GROUP_004,Check the latest status of reply to the client email,critical,0.82,5.5,pending,2026-09-10,2026-10-05 01:24:00,Assessed critical: the deadline of 2026-09-10 (MSG_0853) passed 25 day(s) before the most recent message; the subject has been chased 6 times; the most recent traffic about this subject is an unanswered question.,deadline_overdue chased_repeatedly response_required category_action_required
MSG_0998,TASK_0327,GROUP_008,Work we discussed about the model results still needs attention,low,0.5659,-5.1,completed,2026-09-30,2026-10-05 01:24:00,Assessed low: the subject was chased after it was reported closed; the recorded messages disagree about this subject's state. MSG_0935 reports this complete.,status_completed status_contested chased_after_closure
MSG_1001,TASK_0328,GROUP_041,Any progress on the item concerning back up the project files,critical,0.8892,5.9,pending,2026-09-27,2026-10-05 01:24:00,Assessed critical: the deadline of 2026-09-27 (MSG_0989) passed 8 day(s) before the most recent message; at least one message about this subject uses explicit urgency wording; the most recent traffic about this subject is an unanswered question. MSG_0989 pushed the deadline from 2026-09-08 back to 2026-09-27.,deadline_overdue deadline_moved_later explicit_urgency chased_once response_required category_action_required
MSG_1002,TASK_0329,GROUP_010,Check the latest status of confirm the interview slot,critical,0.8299,9.3,pending,2026-10-02,2026-10-05 01:24:00,"Assessed critical: the deadline of 2026-10-02 (MSG_0976) passed 3 day(s) before the most recent message; DEMO_001 states the deadline as ""tomorrow at 10:00""; it was not resolved to a date, so the proximity is taken from the wording; at least one message about this subject uses explicit urgency wording. MSG_0976 pushed the deadline from 2026-09-28 back to 2026-10-02.",deadline_relative_imminent deadline_overdue deadline_moved_later deadline_conflict explicit_urgency chased_repeatedly response_required category_action_required
MSG_1003,TASK_0330,GROUP_032,Work we discussed about the revised presentation still needs attention,low,0.5657,-5.1,cancelled,2026-09-29,2026-10-05 01:24:00,Assessed low: the subject was chased after it was reported closed; the recorded messages disagree about this subject's state. MSG_0934 cancels this.,status_cancelled status_contested chased_after_closure
MSG_1007,TASK_0331,GROUP_038,Check the latest status of share the meeting notes,critical,0.8892,5.9,pending,2026-09-27,2026-10-05 01:24:00,Assessed critical: the deadline of 2026-09-27 (MSG_0971) passed 8 day(s) before the most recent message; at least one message about this subject uses explicit urgency wording; the most recent traffic about this subject is an unanswered question. MSG_0971 pushed the deadline from 2026-09-02 back to 2026-09-27.,deadline_overdue deadline_moved_later explicit_urgency chased_once response_required category_action_required
MSG_1008,TASK_0332,GROUP_021,Follow-up: the work we discussed about call the service centre still needs attention,low,0.5664,-5.1,completed,2026-10-02,2026-10-05 01:24:00,Assessed low: the subject was chased after it was reported closed; the recorded messages disagree about this subject's state. MSG_0939 reports this complete.,status_completed status_contested chased_after_closure
MSG_1009,TASK_0333,GROUP_004,Follow-up: has the reply to the client email item been handled yet,critical,0.82,5.5,pending,2026-09-10,2026-10-05 01:24:00,Assessed critical: the deadline of 2026-09-10 (MSG_0853) passed 25 day(s) before the most recent message; the subject has been chased 6 times; the most recent traffic about this subject is an unanswered question.,deadline_overdue chased_repeatedly response_required category_action_required
MSG_1011,TASK_0334,GROUP_012,Follow-up: any progress on the item concerning update the project tracker,low,0.5664,-5.1,cancelled,2026-10-06,2026-10-05 01:24:00,Assessed low: the subject was chased after it was reported closed; the recorded messages disagree about this subject's state. MSG_0942 cancels this.,status_cancelled status_contested chased_after_closure
MSG_1012,TASK_0335,GROUP_004,Check the latest status of reply to the client email,critical,0.82,5.5,pending,2026-09-10,2026-10-05 01:24:00,Assessed critical: the deadline of 2026-09-10 (MSG_0853) passed 25 day(s) before the most recent message; the subject has been chased 6 times; the most recent traffic about this subject is an unanswered question.,deadline_overdue chased_repeatedly response_required category_action_required
MSG_1013,TASK_0336,GROUP_008,Follow-up: the work we discussed about the model results still needs attention,low,0.5659,-5.1,completed,2026-09-30,2026-10-05 01:24:00,Assessed low: the subject was chased after it was reported closed; the recorded messages disagree about this subject's state. MSG_0935 reports this complete.,status_completed status_contested chased_after_closure
MSG_1016,EVENT_0171,GROUP_050,Meeting,high,0.82,3.95,pending,2026-09-30,2026-10-05 01:24:00,"Assessed high: the deadline of 2026-09-30 (MSG_1026) passed 5 day(s) before the most recent message; raised or chased by Mentor, Project Lead; this subject is a meeting or event.",deadline_overdue authority_sender category_meeting_event
MSG_1017,TASK_0337,GROUP_051,New task: compare two embedding models by 2026-10-01,high,0.82,4.1,pending,2026-10-01,2026-10-05 01:24:00,"Assessed high: the deadline of 2026-10-01 (MSG_1017) passed 4 day(s) before the most recent message; raised or chased by HR Team, Mentor; this subject is work the recipient must do.",deadline_overdue authority_sender category_action_required
MSG_1018,TASK_0338,GROUP_052,New task: document privacy-routing decisions by 2026-10-02,high,0.82,4.1,pending,2026-10-02,2026-10-05 01:24:00,"Assessed high: the deadline of 2026-10-02 (MSG_1028) passed 3 day(s) before the most recent message; raised or chased by HR Team, Project Lead; this subject is work the recipient must do.",deadline_overdue authority_sender category_action_required
MSG_1019,TASK_0339,GROUP_053,New task: create a latency chart by 2026-10-03,high,0.82,4.1,pending,2026-10-03,2026-10-05 01:24:00,"Assessed high: the deadline of 2026-10-03 (MSG_1019) passed 2 day(s) before the most recent message; raised or chased by Mentor, Project Lead; this subject is work the recipient must do.",deadline_overdue authority_sender category_action_required
MSG_1020,EVENT_0172,GROUP_054,Meeting,high,0.82,3.95,pending,2026-10-04,2026-10-05 01:24:00,"Assessed high: the deadline of 2026-10-04 (MSG_1030) passed 1 day(s) before the most recent message; raised or chased by HR Team, Mentor; this subject is a meeting or event.",deadline_overdue authority_sender category_meeting_event
MSG_1021,TASK_0340,GROUP_055,New task: test the assistant without internet by 2026-10-05,high,0.82,3.3,pending,2026-10-05,2026-10-05 01:24:00,"Assessed high: the deadline of 2026-10-05 (MSG_1021) is the day of the most recent message; raised or chased by HR Team, Project Lead; this subject is work the recipient must do.",deadline_today authority_sender category_action_required
MSG_1022,TASK_0341,GROUP_056,New task: update the architecture diagram by 2026-10-06,medium,0.82,2.9,pending,2026-10-06,2026-10-05 01:24:00,"Assessed medium: the deadline of 2026-10-06 (MSG_1032) is one day after the most recent message; raised or chased by Mentor, Project Lead; this subject is work the recipient must do.",deadline_tomorrow authority_sender category_action_required
MSG_1023,TASK_0342,GROUP_057,New task: measure memory usage by 2026-10-07,medium,0.82,2.3,pending,2026-10-07,2026-10-05 01:24:00,"Assessed medium: the deadline of 2026-10-07 (MSG_1023) is 2 days away; raised or chased by HR Team, Mentor; this subject is work the recipient must do.",deadline_within_3_days authority_sender category_action_required
MSG_1024,EVENT_0173,GROUP_058,Meeting,medium,0.82,2.15,pending,2026-10-08,2026-10-05 01:24:00,"Assessed medium: the deadline of 2026-10-08 (MSG_1034) is 3 days away; raised or chased by HR Team, Project Lead; this subject is a meeting or event.",deadline_within_3_days authority_sender category_meeting_event
MSG_1025,TASK_0343,GROUP_059,New task: validate the mandatory queries by 2026-10-09,medium,0.82,1.6,pending,2026-10-09,2026-10-05 01:24:00,"Assessed medium: the deadline of 2026-10-09 (MSG_1025) is 4 days away; raised or chased by Mentor, Project Lead; this subject is work the recipient must do.",deadline_within_7_days authority_sender category_action_required
MSG_1026,TASK_0344,GROUP_050,New task: prepare the offline inference demo by 2026-09-30,high,0.82,3.95,pending,2026-09-30,2026-10-05 01:24:00,"Assessed high: the deadline of 2026-09-30 (MSG_1026) passed 5 day(s) before the most recent message; raised or chased by Mentor, Project Lead; this subject is a meeting or event.",deadline_overdue authority_sender category_meeting_event
MSG_1027,TASK_0345,GROUP_051,Follow-up: new task: compare two embedding models by 2026-10-01,high,0.82,4.1,pending,2026-10-01,2026-10-05 01:24:00,"Assessed high: the deadline of 2026-10-01 (MSG_1017) passed 4 day(s) before the most recent message; raised or chased by HR Team, Mentor; this subject is work the recipient must do.",deadline_overdue authority_sender category_action_required
MSG_1028,EVENT_0174,GROUP_052,Meeting,high,0.82,4.1,pending,2026-10-02,2026-10-05 01:24:00,"Assessed high: the deadline of 2026-10-02 (MSG_1028) passed 3 day(s) before the most recent message; raised or chased by HR Team, Project Lead; this subject is work the recipient must do.",deadline_overdue authority_sender category_action_required
MSG_1029,TASK_0346,GROUP_053,Follow-up: new task: create a latency chart by 2026-10-03,high,0.82,4.1,pending,2026-10-03,2026-10-05 01:24:00,"Assessed high: the deadline of 2026-10-03 (MSG_1019) passed 2 day(s) before the most recent message; raised or chased by Mentor, Project Lead; this subject is work the recipient must do.",deadline_overdue authority_sender category_action_required
MSG_1030,TASK_0347,GROUP_054,New task: review the quantization results by 2026-10-04,high,0.82,3.95,pending,2026-10-04,2026-10-05 01:24:00,"Assessed high: the deadline of 2026-10-04 (MSG_1030) passed 1 day(s) before the most recent message; raised or chased by HR Team, Mentor; this subject is a meeting or event.",deadline_overdue authority_sender category_meeting_event
MSG_1031,TASK_0348,GROUP_055,Follow-up: new task: test the assistant without internet by 2026-10-05,high,0.82,3.3,pending,2026-10-05,2026-10-05 01:24:00,"Assessed high: the deadline of 2026-10-05 (MSG_1021) is the day of the most recent message; raised or chased by HR Team, Project Lead; this subject is work the recipient must do.",deadline_today authority_sender category_action_required
MSG_1032,EVENT_0175,GROUP_056,Meeting,medium,0.82,2.9,pending,2026-10-06,2026-10-05 01:24:00,"Assessed medium: the deadline of 2026-10-06 (MSG_1032) is one day after the most recent message; raised or chased by Mentor, Project Lead; this subject is work the recipient must do.",deadline_tomorrow authority_sender category_action_required
MSG_1033,TASK_0349,GROUP_057,Follow-up: new task: measure memory usage by 2026-10-07,medium,0.82,2.3,pending,2026-10-07,2026-10-05 01:24:00,"Assessed medium: the deadline of 2026-10-07 (MSG_1023) is 2 days away; raised or chased by HR Team, Mentor; this subject is work the recipient must do.",deadline_within_3_days authority_sender category_action_required
MSG_1034,TASK_0350,GROUP_058,New task: prepare the L2 presentation by 2026-10-08,medium,0.82,2.15,pending,2026-10-08,2026-10-05 01:24:00,"Assessed medium: the deadline of 2026-10-08 (MSG_1034) is 3 days away; raised or chased by HR Team, Project Lead; this subject is a meeting or event.",deadline_within_3_days authority_sender category_meeting_event
MSG_1035,TASK_0351,GROUP_059,Follow-up: new task: validate the mandatory queries by 2026-10-09,medium,0.82,1.6,pending,2026-10-09,2026-10-05 01:24:00,"Assessed medium: the deadline of 2026-10-09 (MSG_1025) is 4 days away; raised or chased by Mentor, Project Lead; this subject is work the recipient must do.",deadline_within_7_days authority_sender category_action_required
MSG_1057,TASK_0352,,"We may move the meeting, I will confirm later",low,0.451,0.4,,,2026-10-05 01:24:00,Assessed low: this subject is work the recipient must do.,no_deadline category_action_required
MSG_1058,TASK_0353,GROUP_060,Wait for confirmation,low,0.4909,0.2,pending,,2026-10-05 01:24:00,"Assessed low: this subject is work the recipient must do. the only statements made about this subject are hedged (""the deadline could be""), so no firm status can be asserted.",status_unclear no_deadline category_action_required
MSG_1059,TASK_0354,,Maya said someone probably handled the task,low,0.451,0.4,,,2026-10-05 01:24:00,Assessed low: this subject is work the recipient must do.,no_deadline category_action_required
MSG_1062,TASK_0355,,"Follow-up: we may move the meeting, I will confirm later",low,0.451,0.4,,,2026-10-05 01:24:00,Assessed low: this subject is work the recipient must do.,no_deadline category_action_required
MSG_1063,TASK_0356,GROUP_060,Wait for confirmation,low,0.4909,0.2,pending,,2026-10-05 01:24:00,"Assessed low: this subject is work the recipient must do. the only statements made about this subject are hedged (""the deadline could be""), so no firm status can be asserted.",status_unclear no_deadline category_action_required
MSG_1064,TASK_0357,,Follow-up: maya said someone probably handled the task,low,0.451,0.4,,,2026-10-05 01:24:00,Assessed low: this subject is work the recipient must do.,no_deadline category_action_required
MSG_1067,TASK_0358,,"Additional update: we may move the meeting, I will confirm later",low,0.451,0.4,,,2026-10-05 01:24:00,Assessed low: this subject is work the recipient must do.,no_deadline category_action_required
MSG_1068,TASK_0359,GROUP_060,Wait for confirmation,low,0.4909,0.2,pending,,2026-10-05 01:24:00,"Assessed low: this subject is work the recipient must do. the only statements made about this subject are hedged (""the deadline could be""), so no firm status can be asserted.",status_unclear no_deadline category_action_required
MSG_1069,TASK_0360,,Additional update: maya said someone probably handled the task,low,0.451,0.4,,,2026-10-05 01:24:00,Assessed low: this subject is work the recipient must do.,no_deadline category_action_required
DEMO_003,TASK_0361,GROUP_012,Cancel update the project tracker; it is no longer needed,low,0.5664,-5.1,cancelled,2026-10-06,2026-10-05 01:24:00,Assessed low: the subject was chased after it was reported closed; the recorded messages disagree about this subject's state. MSG_0942 cancels this.,status_cancelled status_contested chased_after_closure
DEMO_004,TASK_0362,GROUP_013,Any update on upload the assignment,low,0.8117,1.4,pending,2026-10-20,2026-10-05 01:24:00,Assessed low: the subject has been chased 5 times; the most recent traffic about this subject is an unanswered question; this subject is work the recipient must do. the deadline of 2026-10-20 (DEMO_020) is 15 days away; DEMO_020 pushed the deadline from 2026-09-05 back to 2026-10-20.,deadline_beyond_7_days deadline_moved_later chased_repeatedly response_required category_action_required
DEMO_006,TASK_0363,GROUP_012,"One message says Friday, but the latest instruction says update the project tracker",low,0.5664,-5.1,cancelled,2026-10-06,2026-10-05 01:24:00,Assessed low: the subject was chased after it was reported closed; the recorded messages disagree about this subject's state. MSG_0942 cancels this.,status_cancelled status_contested chased_after_closure
DEMO_010,TASK_0364,GROUP_061,New task: test the optimized assistant in offline mode by 2026-10-09,medium,0.8167,1.6,pending,2026-10-09,2026-10-05 01:24:00,Assessed medium: the deadline of 2026-10-09 (DEMO_010) is 4 days away; raised or chased by Project Lead; this subject is work the recipient must do.,deadline_within_7_days authority_sender category_action_required
DEMO_011,EVENT_0176,GROUP_062,Meeting,medium,0.8167,2.15,pending,2026-10-08,2026-10-05 01:24:00,Assessed medium: the deadline of 2026-10-08 (DEMO_011) is 3 days away; raised or chased by Mentor; this subject is a meeting or event.,deadline_within_3_days authority_sender category_meeting_event
DEMO_016,TASK_0365,GROUP_010,"Confirm the interview slot might already be finished, but I cannot confirm it",critical,0.8299,9.3,pending,2026-10-02,2026-10-05 01:24:00,"Assessed critical: the deadline of 2026-10-02 (MSG_0976) passed 3 day(s) before the most recent message; DEMO_001 states the deadline as ""tomorrow at 10:00""; it was not resolved to a date, so the proximity is taken from the wording; at least one message about this subject uses explicit urgency wording. MSG_0976 pushed the deadline from 2026-09-28 back to 2026-10-02.",deadline_relative_imminent deadline_overdue deadline_moved_later deadline_conflict explicit_urgency chased_repeatedly response_required category_action_required
DEMO_022,TASK_0366,GROUP_063,Was the compliance form approved by the finance director,low,0.5346,0.4,pending,,2026-10-05 01:24:00,Assessed low: this subject is work the recipient must do.,no_deadline category_action_required
DEMO_023,TASK_0367,,"Deadline may be Monday, or it may be Wednesday. Wait for the official update",low,0.5084,0.9,,,2026-10-05 01:24:00,Assessed low: raised or chased by Project Lead; this subject is work the recipient must do.,no_deadline authority_sender category_action_required
